City_ID,City,Country,Date,Lat,Lng,Max Temp,Humidity,Cloudiness,Wind Speed
0,Semey,KZ,2021-07-22 14:31:26,50.4111,80.2275,80.82,41,0,11.18
1,Ushuaia,AR,2021-07-22 14:30:16,-54.8,-68.3,40.66,75,75,9.22
2,Mataura,NZ,2021-07-22 14:31:27,-46.1927,168.8643,40.48,97,9,2.08
3,Sambava,MG,2021-07-22 14:31:27,-14.2667,50.1667,70.9,82,1,11.88
4,Georgetown,MY,2021-07-22 14:31:28,5.4112,100.3354,87.89,64,20,3.44
5,Kapaa,US,2021-07-22 14:31:29,22.0752,-159.319,77.32,84,90,3.0
6,Albany,US,2021-07-22 14:31:29,42.6001,-73.9662,74.32,72,95,8.08
7,Hobart,AU,2021-07-22 14:31:29,-42.8794,147.3294,52.27,57,100,5.99
8,Lethem,GY,2021-07-22 14:31:29,3.3803,-59.7968,86.81,62,19,3.98
9,Bluff,NZ,2021-07-22 14:31:29,-46.6,168.3333,40.8,81,69,12.66
10,Chunoyar,RU,2021-07-22 14:31:30,57.4467,97.3217,58.05,78,14,3.13
11,Isangel,VU,2021-07-22 14:31:30,-19.55,169.2667,73.8,88,99,9.42
12,Kamyshin,RU,2021-07-22 14:31:30,50.0983,45.416,76.82,54,98,15.39
13,Hermanus,ZA,2021-07-22 14:31:30,-34.4187,19.2345,54.9,64,72,8.77
14,Iqaluit,CA,2021-07-22 14:27:19,63.7506,-68.5145,49.73,71,75,15.99
15,East London,ZA,2021-07-22 14:31:31,-33.0153,27.9116,54.54,50,20,34.52
16,Byron Bay,AU,2021-07-22 14:31:31,-28.65,153.6167,52.88,86,23,6.22
17,Provideniya,RU,2021-07-22 14:31:31,64.3833,-173.3,42.87,77,100,3.31
18,Saldanha,ZA,2021-07-22 14:31:31,-33.0117,17.9442,55.45,63,8,11.1
19,Rikitea,PF,2021-07-22 14:31:32,-23.1203,-134.9692,71.91,72,12,11.79
20,Marzuq,YE,2021-07-22 14:31:32,14.4,46.4667,85.66,47,74,8.81
21,Cidreira,BR,2021-07-22 14:31:32,-30.1811,-50.2056,61.02,64,6,12.57
22,Arki,IN,2021-07-22 14:31:32,31.15,76.9667,73.72,84,92,2.39
23,Souillac,MU,2021-07-22 14:31:32,-20.5167,57.5167,71.98,68,20,12.66
24,Chuy,UY,2021-07-22 14:31:32,-33.6971,-53.4616,56.98,62,16,7.65
25,Teahupoo,PF,2021-07-22 14:31:33,-17.8333,-149.2667,66.16,73,11,11.34
26,Tias,ES,2021-07-22 14:31:33,28.9611,-13.645,80.35,61,20,24.16
27,Busselton,AU,2021-07-22 14:31:33,-33.65,115.3333,55.09,73,100,15.12
28,Walvis Bay,NA,2021-07-22 14:31:33,-22.9575,14.5053,76.15,22,0,16.11
29,Atuona,PF,2021-07-22 14:31:33,-9.8,-139.0333,76.98,76,100,13.11
30,Jamestown,US,2021-07-22 14:31:34,42.097,-79.2353,68.52,82,1,8.05
31,Barrow,US,2021-07-22 14:31:34,71.2906,-156.7887,35.62,93,90,14.97
32,Saskylakh,RU,2021-07-22 14:31:34,71.9167,114.0833,60.04,60,89,15.46
33,Matamoros,MX,2021-07-22 14:31:34,25.5333,-103.25,73.11,66,75,4.25
34,Horki,BY,2021-07-22 14:31:34,54.2861,30.9842,71.13,44,14,11.01
35,Lebu,CL,2021-07-22 14:31:34,-37.6167,-73.65,52.3,77,99,3.13
36,Lazaro Cardenas,MX,2021-07-22 14:31:35,17.9583,-102.2,81.81,77,73,4.61
37,Severo-Kurilsk,RU,2021-07-22 14:31:35,50.6789,156.125,49.57,95,60,4.54
38,New Norfolk,AU,2021-07-22 14:31:35,-42.7826,147.0587,51.93,61,100,1.01
39,Pingliang,CN,2021-07-22 14:31:35,35.5392,106.6861,70.63,89,96,7.47
40,Goderich,CA,2021-07-22 14:31:36,43.7501,-81.7165,70.21,77,27,5.75
41,Bengkulu,ID,2021-07-22 14:31:36,-3.8004,102.2655,76.82,83,27,3.67
42,Cape Town,ZA,2021-07-22 14:30:04,-33.9258,18.4232,58.1,63,40,3.0
43,Asau,RO,2021-07-22 14:31:37,46.4333,26.4,74.32,75,63,6.78
44,Aquin,HT,2021-07-22 14:31:37,18.2833,-73.4,83.98,69,72,4.81
45,Qaanaaq,GL,2021-07-22 14:31:38,77.484,-69.3632,43.75,69,72,6.78
46,Biak,ID,2021-07-22 14:31:38,-0.9131,122.8766,74.44,89,100,8.23
47,Kajaani,FI,2021-07-22 14:30:38,64.2273,27.7285,59.05,72,0,14.97
48,Hilo,US,2021-07-22 14:31:38,19.7297,-155.09,73.13,88,75,4.61
49,Norman Wells,CA,2021-07-22 14:31:38,65.282,-126.8329,60.84,82,75,3.44
50,Ancud,CL,2021-07-22 14:29:29,-41.8697,-73.8203,49.53,93,100,13.8
51,Plettenberg Bay,ZA,2021-07-22 14:31:39,-34.0527,23.3716,48.96,79,100,12.41
52,Alta,NO,2021-07-22 14:31:39,69.9689,23.2717,49.24,84,75,10.0
53,Lagoa,PT,2021-07-22 14:28:40,39.05,-27.9833,67.21,75,57,12.68
54,Saint-Philippe,RE,2021-07-22 14:31:39,-21.3585,55.7679,71.19,74,51,12.46
55,Klyuchi,RU,2021-07-22 14:31:40,52.2667,79.1667,72.84,50,23,11.72
56,Qui Nhon,VN,2021-07-22 14:31:40,13.7667,109.2333,84.24,66,100,14.32
57,Houma,US,2021-07-22 14:31:40,29.5958,-90.7195,87.8,78,40,3.44
58,Waingapu,ID,2021-07-22 14:31:40,-9.6567,120.2641,73.09,82,26,5.14
59,Spirit River,CA,2021-07-22 14:31:41,55.7833,-118.8361,54.75,59,1,19.06
60,Avarua,CK,2021-07-22 14:31:41,-21.2078,-159.775,69.85,100,16,2.3
61,Punta Arenas,CL,2021-07-22 14:31:41,-53.15,-70.9167,33.91,93,40,5.75
62,Coihaique,CL,2021-07-22 14:31:41,-45.5752,-72.0662,48.81,93,75,5.75
63,Deskati,GR,2021-07-22 14:31:41,39.9225,21.8028,84.92,19,3,5.01
64,Zhanaozen,KZ,2021-07-22 14:31:42,43.3,52.8,100.62,14,31,9.26
65,Lysva,RU,2021-07-22 14:31:42,58.1086,57.8053,62.94,97,100,11.3
66,Arraial Do Cabo,BR,2021-07-22 14:31:42,-22.9661,-42.0278,75.16,78,20,4.61
67,Atikokan,CA,2021-07-22 14:31:42,48.7555,-91.6216,67.89,52,98,5.86
68,Opuwo,NA,2021-07-22 14:31:42,-18.0607,13.84,78.69,11,0,13.56
69,Iralaya,HN,2021-07-22 14:31:42,15.0,-83.2333,84.29,76,70,15.99
70,Daru,PG,2021-07-22 14:31:43,-9.0763,143.2092,76.73,79,100,13.65
71,Kikwit,CD,2021-07-22 14:31:43,-5.041,18.8162,97.92,13,76,4.25
72,Elizabeth City,US,2021-07-22 14:31:43,36.2946,-76.2511,81.01,77,20,10.36
73,Honningsvag,NO,2021-07-22 14:31:43,70.9821,25.9704,44.46,73,94,27.81
74,Amga,RU,2021-07-22 14:31:43,60.8953,131.9608,61.41,71,66,2.06
75,Khatanga,RU,2021-07-22 14:31:43,71.9667,102.5,56.75,80,83,6.89
76,Ambilobe,MG,2021-07-22 14:31:44,-13.2,49.05,73.47,46,2,5.59
77,Airai,TL,2021-07-22 14:31:44,-8.9266,125.4092,55.36,62,0,1.86
78,Torbay,CA,2021-07-22 14:31:44,47.6666,-52.7314,56.28,99,90,9.22
79,Victoria,HK,2021-07-22 14:30:01,22.2855,114.1577,85.95,79,38,1.01
80,Shenzhen,CN,2021-07-22 14:29:41,22.5455,114.0683,85.84,74,53,5.91
81,Talnakh,RU,2021-07-22 14:31:44,69.4865,88.3972,59.58,94,100,19.51
82,Sept-Iles,CA,2021-07-22 14:31:45,50.2001,-66.3821,66.72,59,75,10.36
83,Port Alfred,ZA,2021-07-22 14:31:45,-33.5906,26.891,51.96,73,100,26.91
84,Azangaro,PE,2021-07-22 14:31:45,-14.9167,-70.2167,47.93,30,0,2.48
85,Ust-Ilimsk,RU,2021-07-22 14:31:46,58.0006,102.6619,56.44,96,27,5.19
86,Moissala,TD,2021-07-22 14:31:46,8.3404,17.7663,77.14,79,100,6.46
87,Urucara,BR,2021-07-22 14:31:46,-2.5364,-57.76,91.44,47,60,4.88
88,Pionerskiy,RU,2021-07-22 14:31:47,54.9508,20.2275,73.24,59,40,8.7
89,Bethel,US,2021-07-22 14:31:47,41.3712,-73.414,77.05,70,1,1.99
90,Isla Mujeres,MX,2021-07-22 14:31:47,21.2311,-86.731,87.85,71,1,9.15
91,Banikoara,BJ,2021-07-22 14:31:47,11.2985,2.4386,89.55,46,81,5.57
92,Bukama,CD,2021-07-22 14:31:48,-9.2,25.85,92.03,16,3,7.25
93,Longyearbyen,SJ,2021-07-22 14:31:48,78.2186,15.6401,48.04,66,75,12.66
94,Ponta Do Sol,PT,2021-07-22 14:31:48,32.6667,-17.1,81.72,69,0,5.97
95,Tasiilaq,GL,2021-07-22 14:29:42,65.6145,-37.6368,46.56,97,100,11.36
96,Jalu,LY,2021-07-22 14:31:48,29.0331,21.5482,96.35,22,3,13.31
97,Kieta,PG,2021-07-22 14:31:49,-6.2167,155.6333,78.62,87,99,3.02
98,Bonthe,SL,2021-07-22 14:31:49,7.5264,-12.505,80.17,77,75,11.1
99,Ahuimanu,US,2021-07-22 14:31:49,21.4447,-157.8378,78.51,75,75,11.5
100,Lorengau,PG,2021-07-22 14:31:49,-2.0226,147.2712,81.36,80,45,6.8
101,Lavrentiya,RU,2021-07-22 14:31:49,65.5833,-171.0,37.11,94,100,5.06
102,Kodiak,US,2021-07-22 14:31:50,57.79,-152.4072,52.41,98,100,9.24
103,Nikolskoye,RU,2021-07-22 14:31:50,59.7035,30.7861,69.4,41,96,10.96
104,Kungurtug,RU,2021-07-22 14:31:50,50.5994,97.5228,63.7,64,100,2.75
105,Puerto Ayora,EC,2021-07-22 14:31:50,-0.7393,-90.3518,73.36,93,100,5.99
106,Chemal,RU,2021-07-22 14:31:50,51.4111,86.005,69.37,91,100,1.92
107,Moundou,TD,2021-07-22 14:31:50,8.5667,16.0833,79.61,80,100,1.21
108,Yulara,AU,2021-07-22 14:31:51,-25.2406,130.9889,53.44,47,3,8.05
109,Vaini,TO,2021-07-22 14:31:51,-21.2,-175.2,69.96,94,75,3.44
110,Puerto Ayacucho,VE,2021-07-22 14:31:51,5.6639,-67.6236,74.55,95,100,2.86
111,Kruisfontein,ZA,2021-07-22 14:31:51,-34.0033,24.7314,45.88,71,100,20.85
112,Marsh Harbour,BS,2021-07-22 14:31:51,26.5412,-77.0636,84.06,72,63,6.91
113,Hithadhoo,MV,2021-07-22 14:29:45,-0.6,73.0833,81.86,76,100,12.64
114,Pevek,RU,2021-07-22 14:31:52,69.7008,170.3133,38.77,74,94,2.21
115,Chokurdakh,RU,2021-07-22 14:31:52,70.6333,147.9167,38.21,84,63,7.9
116,Dumas,US,2021-07-22 14:31:52,35.8656,-101.9732,73.65,60,1,10.36
117,Aklavik,CA,2021-07-22 14:31:52,68.2191,-135.0107,56.12,94,75,14.97
118,Jamu Mare,RO,2021-07-22 14:31:52,45.2542,21.4169,82.45,35,40,6.91
119,Upernavik,GL,2021-07-22 14:31:52,72.7868,-56.1549,40.55,95,100,5.77
120,Sechura,PE,2021-07-22 14:31:53,-5.5569,-80.8222,70.72,66,23,9.44
121,Bilibino,RU,2021-07-22 14:31:53,68.0546,166.4372,51.3,47,99,3.83
122,San Patricio,US,2021-07-22 14:31:53,28.017,-97.5169,82.83,81,95,2.17
123,Necochea,AR,2021-07-22 14:31:53,-38.5473,-58.7368,56.03,49,93,14.25
124,Dikson,RU,2021-07-22 14:31:54,73.5069,80.5464,52.34,91,100,31.97
125,Esperance,AU,2021-07-22 14:31:54,-33.8667,121.9,51.64,71,22,15.86
126,Korla,CN,2021-07-22 14:31:54,41.7597,86.1469,89.22,20,87,6.11
127,Magnitogorsk,RU,2021-07-22 14:30:03,53.4186,59.0472,74.23,68,75,13.42
128,Nowogard,PL,2021-07-22 14:31:55,53.6744,15.1163,73.8,56,40,11.5
129,Dingle,PH,2021-07-22 14:31:55,10.9995,122.6711,77.88,82,100,12.84
130,Nanortalik,GL,2021-07-22 14:31:56,60.1432,-45.2371,44.98,85,50,13.31
131,La Palma,US,2021-07-22 14:31:56,33.8464,-118.0467,81.36,85,40,3.0
132,Thompson,CA,2021-07-22 14:31:57,55.7435,-97.8558,66.36,77,75,4.61
133,Tautira,PF,2021-07-22 14:31:57,-17.7333,-149.15,71.62,72,9,11.61
134,Corsicana,US,2021-07-22 14:31:57,32.0954,-96.4689,82.26,82,1,3.0
135,Wajima,JP,2021-07-22 14:31:57,37.4,136.9,77.05,87,16,4.52
136,Butaritari,KI,2021-07-22 14:31:57,3.0707,172.7902,81.73,79,45,13.53
137,Urumqi,CN,2021-07-22 14:31:58,43.801,87.6005,79.75,36,20,6.71
138,Matagami,CA,2021-07-22 14:31:58,49.7502,-77.6328,55.51,94,90,2.3
139,Belaya Gora,RU,2021-07-22 14:31:58,68.5333,146.4167,50.2,73,0,6.85
140,Bhanpuri,IN,2021-07-22 14:31:58,21.1,80.9167,84.58,73,100,4.07
141,Alice Springs,AU,2021-07-22 14:31:16,-23.7,133.8833,63.95,32,9,8.05
142,Kutum,SD,2021-07-22 14:31:59,14.2,24.6667,77.4,56,91,8.16
143,Skjervoy,NO,2021-07-22 14:31:01,70.0311,20.9714,46.49,88,100,15.05
144,Novorozhdestvenskaya,RU,2021-07-22 14:31:59,45.8619,39.9542,87.22,40,86,16.06
145,Prainha,BR,2021-07-22 14:31:59,-1.8,-53.48,86.95,58,40,5.39
146,Tuktoyaktuk,CA,2021-07-22 14:31:59,69.4541,-133.0374,48.2,100,90,13.8
147,Mitu,CO,2021-07-22 14:32:00,1.1983,-70.1733,75.6,95,93,2.3
148,Yellowknife,CA,2021-07-22 14:32:00,62.456,-114.3525,61.32,94,75,8.05
149,Ixtapa,MX,2021-07-22 14:32:00,20.7,-105.2,84.22,78,23,3.0
150,Quatre Cocos,MU,2021-07-22 14:32:00,-20.2078,57.7625,71.71,68,34,17.2
151,Finote Selam,ET,2021-07-22 14:32:00,10.7,37.2667,59.99,94,100,3.22
152,Helong,CN,2021-07-22 14:32:00,42.5397,128.9972,73.72,80,77,3.91
153,Hamilton,US,2021-07-22 14:32:01,39.1834,-84.5333,75.22,65,1,1.01
154,Bilma,NE,2021-07-22 14:32:01,18.6853,12.9164,108.5,12,52,5.77
155,Maine-Soroa,NE,2021-07-22 14:32:01,13.2114,12.0241,94.87,37,90,11.65
156,Kudahuvadhoo,MV,2021-07-22 14:32:01,2.6708,72.8944,82.36,74,96,11.48
157,Natal,BR,2021-07-22 14:29:18,-5.795,-35.2094,83.05,69,75,14.97
158,Tual,ID,2021-07-22 14:32:02,-5.6667,132.75,79.63,80,62,16.13
159,Caibarien,CU,2021-07-22 14:32:02,22.5206,-79.4669,85.32,72,26,9.24
160,Caravelas,BR,2021-07-22 14:32:03,-17.7125,-39.2481,77.41,56,60,8.61
161,Valkeakoski,FI,2021-07-22 14:32:03,61.2642,24.0312,68.09,55,94,15.14
162,Lima,PE,2021-07-22 14:27:20,-12.0432,-77.0282,61.05,85,90,11.5
163,Damaturu,NG,2021-07-22 14:31:43,11.747,11.9608,90.77,45,88,7.16
164,Trento,IT,2021-07-22 14:30:00,46.0679,11.1211,86.65,68,40,8.01
165,Belmopan,BZ,2021-07-22 14:32:03,17.25,-88.7667,85.28,87,42,7.4
166,Never,FR,2021-07-22 14:28:57,46.9896,3.159,83.95,43,8,8.61
167,Saint-Joseph,RE,2021-07-22 14:30:08,-21.3667,55.6167,70.18,73,63,10.13
168,Shatsk,RU,2021-07-22 14:32:04,54.0258,41.7119,66.38,55,100,12.68
169,Muroto,JP,2021-07-22 14:32:05,33.2833,134.15,77.81,87,100,12.73
170,Praia,CV,2021-07-22 14:32:05,14.9215,-23.5087,86.54,66,20,5.75
171,Palaikastron,GR,2021-07-22 14:32:06,35.2,26.25,81.48,62,0,26.93
172,Ribeira Grande,PT,2021-07-22 14:32:06,38.5167,-28.7,75.6,57,40,12.66
173,Kolpashevo,RU,2021-07-22 14:29:57,58.3131,82.9089,72.37,62,87,4.16
174,Iquique,CL,2021-07-22 14:32:06,-20.2208,-70.1431,57.24,64,6,6.71
175,Manavalakurichi,IN,2021-07-22 14:32:07,8.1333,77.3,82.49,83,100,17.6
176,Tabuk,PH,2021-07-22 14:32:07,17.4189,121.4443,77.05,87,100,1.97
177,Lake Charles,US,2021-07-22 14:32:07,30.2131,-93.2044,84.97,79,1,5.75
178,Tombouctou,ML,2021-07-22 14:32:07,20.0,-3.0,109.58,14,20,16.17
179,Etchoropo,MX,2021-07-22 14:32:07,26.7667,-109.6667,86.23,67,99,9.73
180,Nautla,MX,2021-07-22 14:32:08,20.2167,-96.7833,82.15,72,31,2.35
181,Aksarka,RU,2021-07-22 14:32:08,66.5606,67.7975,56.55,45,5,7.27
182,Luderitz,NA,2021-07-22 14:32:08,-26.6481,15.1594,66.18,37,4,24.38
183,Nouadhibou,MR,2021-07-22 14:32:08,20.931,-17.0347,75.18,60,1,23.02
184,Port Elizabeth,ZA,2021-07-22 14:29:10,-33.918,25.5701,50.29,81,90,17.27
185,Mar Del Plata,AR,2021-07-22 14:32:08,-38.0023,-57.5575,52.12,55,0,15.99
186,Saint-Augustin,CA,2021-07-22 14:32:09,51.226,-58.6502,51.19,86,100,10.71
187,Mancio Lima,BR,2021-07-22 14:32:09,-7.6142,-72.8958,78.87,73,0,6.91
188,Naze,JP,2021-07-22 14:32:09,28.3667,129.4833,76.64,90,100,26.4
189,Faanui,PF,2021-07-22 14:32:09,-16.4833,-151.75,78.33,74,7,14.41
190,Bandarbeyla,SO,2021-07-22 14:32:10,9.4942,50.8122,78.98,78,83,30.58
191,Dunedin,NZ,2021-07-22 14:32:10,-45.8742,170.5036,43.81,72,0,5.61
192,Lima Duarte,BR,2021-07-22 14:32:10,-21.8425,-43.7931,66.76,43,0,5.1
193,Puerto Madero,MX,2021-07-22 14:32:10,14.7208,-92.4215,79.0,100,75,3.44
194,Mandalgovi,MN,2021-07-22 14:27:15,45.7625,106.2708,69.31,50,50,10.83
195,Bredasdorp,ZA,2021-07-22 14:32:11,-34.5322,20.0403,54.72,47,61,8.05
196,Taywarah,AF,2021-07-22 14:32:11,33.35,64.4167,67.64,21,80,16.15
197,Ayan,RU,2021-07-22 14:32:11,56.45,138.1667,64.24,79,8,5.73
198,Koumac,NC,2021-07-22 14:32:11,-20.5667,164.2833,67.19,80,9,6.76
199,Puli,TW,2021-07-22 14:32:11,23.9664,120.9695,80.22,96,100,2.39
200,Srednekolymsk,RU,2021-07-22 14:32:11,67.45,153.6833,54.34,74,55,6.46
201,Yeniseysk,RU,2021-07-22 14:32:12,58.4497,92.1703,61.45,71,98,2.91
202,Noumea,NC,2021-07-22 14:32:12,-22.2763,166.4572,62.58,83,20,4.81
203,Tilichiki,RU,2021-07-22 14:32:12,60.4667,166.1,53.11,72,100,0.6
204,Zapolyarnyy,RU,2021-07-22 14:32:12,69.4154,30.8136,47.48,61,90,24.61
205,Port Macquarie,AU,2021-07-22 14:31:20,-31.4333,152.9167,46.89,100,97,0.0
206,Leningradskiy,RU,2021-07-22 14:32:12,69.3833,178.4167,36.09,81,55,2.8
207,Gat,IL,2021-07-22 14:32:13,31.61,34.7642,87.82,41,0,11.39
208,Kavieng,PG,2021-07-22 14:32:13,-2.5744,150.7967,81.61,79,46,10.78
209,Sao Filipe,CV,2021-07-22 14:32:13,14.8961,-24.4956,76.03,86,31,8.3
210,Meulaboh,ID,2021-07-22 14:32:14,4.1363,96.1285,79.63,80,100,2.01
211,Calama,CL,2021-07-22 14:30:18,-22.4667,-68.9333,63.09,7,0,18.41
212,Brasilia,BR,2021-07-22 14:28:23,-15.7797,-47.9297,77.63,49,20,11.5
213,Hauterive,FR,2021-07-22 14:32:15,46.0901,3.4459,84.96,38,0,5.88
214,Pangoa,PE,2021-07-22 14:32:15,-12.1167,-73.0,78.6,53,0,2.35
215,Hobyo,SO,2021-07-22 14:32:16,5.3505,48.5268,79.48,77,66,32.7
216,Syracuse,IT,2021-07-22 14:31:10,37.0881,15.2792,92.43,57,0,8.59
217,Saint-Paul,RE,2021-07-22 14:31:51,-21.0096,55.2707,71.71,73,92,3.91
218,Gushikawa,JP,2021-07-22 14:32:16,26.3544,127.8686,81.63,94,75,27.63
219,Alyangula,AU,2021-07-22 14:32:17,-13.8483,136.4192,64.27,88,52,0.0
220,Madisonville,US,2021-07-22 14:32:17,37.3281,-87.4989,80.22,71,1,4.16
221,Nago,JP,2021-07-22 14:32:17,26.5881,127.9761,82.47,89,100,28.77
222,Kulhudhuffushi,MV,2021-07-22 14:32:17,6.6221,73.07,82.9,78,100,16.53
223,Zemio,CF,2021-07-22 14:32:17,5.0314,25.1361,76.87,83,98,3.76
224,Gravdal,NO,2021-07-22 14:31:16,68.1214,13.5031,51.48,87,75,11.5
225,Damghan,IR,2021-07-22 14:32:08,36.1683,54.348,94.26,16,65,6.8
226,Brewster,US,2021-07-22 14:32:18,41.3973,-73.6171,77.72,69,1,1.01
227,Jumla,NP,2021-07-22 14:32:18,29.2747,82.1838,65.05,95,98,0.63
228,Vao,NC,2021-07-22 14:32:18,-22.6667,167.4833,69.42,74,0,8.14
229,Villazon,BO,2021-07-22 14:32:19,-22.0866,-65.5942,53.64,17,0,4.18
230,Blagoyevo,RU,2021-07-22 14:32:19,63.3667,47.9167,64.49,35,93,6.93
231,Anaconda,US,2021-07-22 14:32:19,46.1285,-112.9423,54.59,39,0,2.44
232,Rawson,AR,2021-07-22 14:32:19,-43.3002,-65.1023,56.1,41,100,8.14
233,Guane,CU,2021-07-22 14:32:20,22.2025,-84.0875,89.83,54,0,5.64
234,Andenes,NO,2021-07-22 14:32:20,69.3143,16.1194,49.06,81,75,13.8
235,Warmbad,NA,2021-07-22 14:32:20,-28.45,18.7333,54.19,28,0,8.46
236,Tiarei,PF,2021-07-22 14:30:42,-17.5333,-149.3333,71.62,69,1,13.35
237,Divnoye,RU,2021-07-22 14:32:20,45.9089,43.3547,74.62,83,100,1.92
238,Hasaki,JP,2021-07-22 14:32:20,35.7333,140.8333,77.29,86,97,6.2
239,Sistranda,NO,2021-07-22 14:32:21,63.7256,8.834,54.9,82,75,20.24
240,Altayskoye,RU,2021-07-22 14:32:21,51.9533,85.3325,70.29,86,100,1.79
241,Awjilah,LY,2021-07-22 14:32:21,29.1081,21.2869,95.86,24,5,13.91
242,Jieznas,LT,2021-07-22 14:32:21,54.6,24.1667,76.59,52,6,7.58
243,Nome,US,2021-07-22 14:32:21,64.5011,-165.4064,37.47,87,75,3.44
244,Tavricheskoye,RU,2021-07-22 14:32:22,54.5851,73.6395,84.11,57,2,8.34
245,Castro,BR,2021-07-22 14:32:22,-24.7911,-50.0119,64.31,40,0,6.4
246,Ilulissat,GL,2021-07-22 14:32:22,69.2167,-51.1,53.62,40,75,9.22
247,Vila Velha,BR,2021-07-22 14:32:22,-20.3297,-40.2925,75.96,66,40,10.36
248,Karlskrona,SE,2021-07-22 14:32:22,56.1616,15.5866,75.65,62,11,13.13
249,Karasburg,NA,2021-07-22 14:32:23,-28.0167,18.75,52.23,32,0,10.13
250,Masalli,KR,2021-07-22 14:32:23,34.7959,126.6553,80.28,90,86,4.29
251,Tselinnoye,RU,2021-07-22 14:32:23,53.0833,85.6667,69.12,67,78,8.14
252,Namatanai,PG,2021-07-22 14:32:24,-3.6667,152.4333,78.42,82,79,7.61
253,Morondava,MG,2021-07-22 14:32:24,-20.2833,44.2833,75.52,78,4,10.63
254,Mange,SL,2021-07-22 14:32:25,8.9167,-12.85,79.77,87,86,6.93
255,La Orilla,MX,2021-07-22 14:32:25,17.9833,-102.2333,81.99,75,68,4.12
256,Fortuna,US,2021-07-22 14:32:25,40.5982,-124.1573,54.93,90,28,3.36
257,Buala,SB,2021-07-22 14:32:26,-8.145,159.5921,79.99,85,58,7.92
258,Menongue,AO,2021-07-22 14:32:26,-14.6585,17.691,79.66,9,40,10.04
259,Puerto Del Rosario,ES,2021-07-22 14:32:26,28.5004,-13.8627,82.15,51,20,23.02
260,Ellsworth,US,2021-07-22 14:32:26,44.5434,-68.4195,69.15,81,90,5.99
261,Svetlogorsk,BY,2021-07-22 14:32:26,52.6333,29.7333,73.94,39,3,9.6
262,Pisco,PE,2021-07-22 14:32:27,-13.7,-76.2167,61.02,82,90,3.44
263,Samana,DO,2021-07-22 14:32:02,19.2056,-69.3369,80.82,89,40,0.0
264,Poum,NC,2021-07-22 14:32:27,-20.2333,164.0167,70.86,73,15,11.88
265,Salina,US,2021-07-22 14:32:27,38.8403,-97.6114,78.19,69,1,12.66
266,Wahiawa,US,2021-07-22 14:32:27,21.5028,-158.0236,75.52,80,90,0.0
267,Lahat,ID,2021-07-22 14:32:28,-3.8,103.5333,74.41,94,83,3.44
268,Ribeirao Branco,BR,2021-07-22 14:32:28,-24.2208,-48.7656,64.98,36,0,5.77
269,Iquitos,PE,2021-07-22 14:32:28,-3.7481,-73.2472,80.64,69,0,9.22
270,Dudinka,RU,2021-07-22 14:32:28,69.4058,86.1778,59.0,96,100,10.74
271,Cervo,ES,2021-07-22 14:32:29,43.6702,-7.4101,70.97,78,57,7.14
272,Say,NE,2021-07-22 14:32:29,13.1007,2.3689,95.56,31,67,5.7
273,Mahebourg,MU,2021-07-22 14:32:29,-20.4081,57.7,71.89,68,20,12.66
274,Te Anau,NZ,2021-07-22 14:32:29,-45.4167,167.7167,36.3,92,32,0.67
275,Vysokogornyy,RU,2021-07-22 14:32:29,50.1167,139.15,68.34,96,19,2.04
276,Belomorsk,RU,2021-07-22 14:28:55,64.5232,34.7668,63.32,46,89,10.31
277,Puyang,CN,2021-07-22 14:32:30,29.4603,119.8861,75.0,97,43,4.7
278,Benicarlo,ES,2021-07-22 14:32:30,40.4165,0.4271,98.24,53,0,11.97
279,Namibe,AO,2021-07-22 14:32:30,-15.1961,12.1522,76.41,48,0,10.36
280,Sile,TR,2021-07-22 14:32:30,41.1754,29.6133,81.72,51,87,5.01
281,Yate,GB,2021-07-22 14:32:30,51.5407,-2.4184,87.82,47,45,1.01
282,Awbari,LY,2021-07-22 14:32:31,26.5921,12.7805,99.61,12,0,10.4
283,Kundiawa,PG,2021-07-22 14:32:31,-6.0167,144.9667,61.81,97,100,2.17
284,Roebourne,AU,2021-07-22 14:32:31,-20.7833,117.1333,73.92,36,6,10.76
285,Veraval,IN,2021-07-22 14:32:31,20.9,70.3667,82.99,86,100,19.55
286,Tura,IN,2021-07-22 14:32:32,25.5198,90.2201,75.29,97,89,4.16
287,Mount Isa,AU,2021-07-22 14:32:32,-20.7333,139.5,56.97,51,100,0.0
288,Codrington,AU,2021-07-22 14:32:32,-38.2667,141.9667,43.12,93,100,12.03
289,Mount Gambier,AU,2021-07-22 14:32:33,-37.8333,140.7667,40.91,100,90,11.5
290,Wakkanai,JP,2021-07-22 14:32:33,45.4094,141.6739,68.18,97,100,9.95
291,Camana,PE,2021-07-22 14:32:33,-16.6228,-72.7111,64.47,74,58,6.13
292,Broome,US,2021-07-22 14:32:34,42.2506,-75.833,70.43,83,1,1.01
293,Makakilo City,US,2021-07-22 14:32:34,21.3469,-158.0858,77.32,71,1,0.0
294,Simdega,IN,2021-07-22 14:32:34,22.6167,84.5167,79.72,86,27,5.91
295,Rio Bravo,MX,2021-07-22 14:32:35,25.9833,-98.1,83.05,67,12,10.11
296,Malinovka,BY,2021-07-22 14:32:35,53.8579,27.4374,72.9,58,0,10.92
297,Union,US,2021-07-22 14:32:35,40.6334,-74.2663,79.29,57,1,9.22
298,Bijie,CN,2021-07-22 14:32:36,27.3125,105.2942,66.38,93,74,2.51
299,Kahului,US,2021-07-22 14:32:36,20.8947,-156.47,75.22,84,40,11.5
300,Charlestown,AU,2021-07-22 14:29:01,-32.95,151.6667,51.73,86,100,1.01
301,Touros,BR,2021-07-22 14:32:36,-5.1989,-35.4608,83.3,61,94,20.94
302,Kargil,IN,2021-07-22 14:32:36,34.5667,76.1,58.28,56,89,3.85
303,Vredendal,ZA,2021-07-22 14:32:36,-31.6683,18.5012,56.25,43,6,10.36
304,Maasbree,NL,2021-07-22 14:32:37,51.3575,6.0486,79.81,58,57,1.99
305,Tessalit,ML,2021-07-22 14:32:37,20.1986,1.0114,105.44,18,6,7.99
306,Lafayette,US,2021-07-22 14:29:49,30.2335,-92.0668,85.98,80,20,4.61
307,Shaoguan,CN,2021-07-22 14:32:37,24.8,113.5833,80.02,80,0,0.51
308,Hay River,CA,2021-07-22 14:32:37,60.8156,-115.7999,60.78,88,75,5.75
309,Portland,US,2021-07-22 14:32:37,45.5234,-122.6762,58.73,86,40,1.01
310,Katherine,AU,2021-07-22 14:32:38,-14.4667,132.2667,61.12,63,44,0.0
311,Sosva,RU,2021-07-22 14:32:38,59.1766,61.8558,60.69,94,100,9.1
312,Kandi,BJ,2021-07-22 14:32:38,11.1342,2.9386,90.09,44,94,5.01
313,Saint-Francois,FR,2021-07-22 14:32:38,46.4154,3.9054,85.48,45,0,2.3
314,Tutoia,BR,2021-07-22 14:32:38,-2.7619,-42.2744,89.58,53,35,5.57
315,Barcelos,PT,2021-07-22 14:32:39,41.5388,-8.6151,64.54,58,11,8.68
316,Richards Bay,ZA,2021-07-22 14:32:39,-28.783,32.0377,62.74,38,24,12.84
317,Malanje,AO,2021-07-22 14:32:39,-9.5402,16.341,84.58,51,75,11.5
318,Bira,RU,2021-07-22 14:32:39,49.0,132.4667,74.35,80,99,3.31
319,Newry,GB,2021-07-22 14:32:39,54.1784,-6.3374,83.14,59,100,5.57
320,Lady Lake,US,2021-07-22 14:32:39,28.9175,-81.9229,89.11,75,1,1.01
321,Bathsheba,BB,2021-07-22 14:32:40,13.2167,-59.5167,86.61,74,40,20.71
322,Manokwari,ID,2021-07-22 14:32:40,-0.8667,134.0833,78.1,83,33,3.56
323,Araouane,ML,2021-07-22 14:32:40,18.9048,-3.5265,107.44,17,12,15.55
324,Vardo,NO,2021-07-22 14:32:40,70.3705,31.1107,48.4,70,96,28.05
325,Baie-Comeau,CA,2021-07-22 14:29:49,49.2168,-68.1489,62.6,82,90,6.91
326,Bria,CF,2021-07-22 14:32:41,6.5423,21.9863,76.14,91,100,5.64
327,Kalevala,RU,2021-07-22 14:32:41,65.2,31.1667,58.89,57,100,10.4
328,San Jose,US,2021-07-22 14:28:49,37.3394,-121.895,61.39,84,20,1.01
329,Caico,BR,2021-07-22 14:32:41,-6.4583,-37.0978,91.74,32,12,18.16
330,Saint George,US,2021-07-22 14:32:42,37.1041,-113.5841,86.79,50,1,1.99
331,Carauari,BR,2021-07-22 14:32:42,-4.8828,-66.8958,87.28,41,6,4.79
332,Ojinaga,MX,2021-07-22 14:32:42,29.5667,-104.4167,81.41,53,1,5.75
333,Sobolevo,RU,2021-07-22 14:32:43,54.4299,31.8996,71.22,43,6,8.9
334,Bambous Virieux,MU,2021-07-22 14:32:43,-20.3428,57.7575,71.85,68,20,12.66
335,Carnarvon,AU,2021-07-22 14:32:43,-24.8667,113.6333,60.87,66,1,8.05
336,Labuhan,ID,2021-07-22 14:32:44,-6.8844,112.2051,79.3,77,86,8.41
337,Half Moon Bay,US,2021-07-22 14:32:44,37.4636,-122.4286,62.62,87,1,0.0
338,San Ramon,US,2021-07-22 14:32:44,37.7799,-121.978,62.6,85,1,1.01
339,Ilebo,CD,2021-07-22 14:32:44,-4.3167,20.5833,98.28,15,5,3.29
340,Kropotkin,RU,2021-07-22 14:32:12,45.4375,40.5756,86.56,44,40,16.37
341,Japura,ID,2021-07-22 14:32:45,-0.3167,102.35,79.43,79,100,3.0
342,Drovyanaya,RU,2021-07-22 14:32:45,51.5833,113.0333,63.91,96,100,5.3
343,Vanavara,RU,2021-07-22 14:32:45,60.34,102.2797,57.06,93,100,2.04
344,Pangody,RU,2021-07-22 14:32:45,65.85,74.4859,62.04,57,41,9.28
345,Sitka,US,2021-07-22 14:32:46,57.0531,-135.33,55.29,82,75,3.44
346,Puerto Escondido,MX,2021-07-22 14:32:46,15.85,-97.0667,86.0,59,35,0.22
347,Port Augusta,AU,2021-07-22 14:32:46,-32.5,137.7667,48.34,93,94,14.99
348,Loikaw,MM,2021-07-22 14:32:46,19.6742,97.2094,69.33,95,98,3.29
349,Hazorasp,UZ,2021-07-22 14:32:46,41.3194,61.0742,96.64,12,0,9.01
350,Ketchikan,US,2021-07-22 14:32:46,55.3422,-131.6461,54.07,94,90,6.91
351,Zaliztsi,UA,2021-07-22 14:32:47,49.7919,25.373,70.74,58,20,6.71
352,La Peca,PE,2021-07-22 14:32:47,-5.6111,-78.435,72.88,67,55,2.44
353,Kayerkan,RU,2021-07-22 14:32:47,69.3497,87.7602,58.28,92,100,17.63
354,Macapa,BR,2021-07-22 14:32:25,0.0389,-51.0664,87.78,74,75,6.91
355,Potrero Del Llano,MX,2021-07-22 14:32:47,21.05,-97.6833,81.79,79,99,4.7
356,Popondetta,PG,2021-07-22 14:32:47,-8.7537,148.2534,73.4,95,86,1.81
357,Chingirlau,KZ,2021-07-22 14:32:48,51.095,54.0814,94.55,26,63,13.33
358,Santa Maria,BR,2021-07-22 14:32:05,-29.6842,-53.8069,51.1,93,20,3.44
359,Kadoma,JP,2021-07-22 14:32:48,34.7333,135.5833,83.59,94,14,2.66
360,Oceanside,US,2021-07-22 14:32:48,33.1959,-117.3795,76.12,86,90,1.99
361,Batagay-Alyta,RU,2021-07-22 14:32:48,67.8006,130.4114,53.26,62,94,1.74
362,Angoche,MZ,2021-07-22 14:32:48,-16.2325,39.9086,75.99,73,89,7.67
363,Kamenolomni,RU,2021-07-22 14:32:49,47.6685,40.2051,82.67,84,93,9.48
364,Sadovo,BG,2021-07-22 14:32:49,42.1333,24.9333,85.08,33,69,11.5
365,Kupang,ID,2021-07-22 14:32:49,-10.1667,123.5833,72.9,78,56,7.61
366,Nelidovo,RU,2021-07-22 14:32:49,56.2211,32.7774,70.25,43,44,8.28
367,Lompoc,US,2021-07-22 14:32:49,34.6391,-120.4579,67.08,85,90,8.05
368,Antalaha,MG,2021-07-22 14:32:49,-14.9003,50.2788,71.01,79,0,11.63
369,Kidal,ML,2021-07-22 14:32:49,18.4411,1.4078,102.34,22,19,8.14
370,Livingstone,ZM,2021-07-22 14:32:50,-17.8419,25.8543,76.37,12,0,8.28
371,Komsomolskiy,UZ,2021-07-22 14:32:50,40.4272,71.7189,95.72,14,7,6.91
372,Serebryansk,KZ,2021-07-22 14:32:50,49.6925,83.2892,71.15,78,100,2.75
373,Pringsewu,ID,2021-07-22 14:32:50,-5.3582,104.9744,74.53,96,41,2.51
374,Kalemie,CD,2021-07-22 14:32:50,-5.9475,29.1947,79.66,45,0,5.68
375,Doka,SD,2021-07-22 14:32:50,13.5167,35.7667,74.77,74,99,10.74
376,Fort-Shevchenko,KZ,2021-07-22 14:32:51,44.5086,50.263,90.14,43,7,8.52
377,Jaciara,BR,2021-07-22 14:32:51,-15.9653,-54.9683,89.17,18,0,6.44
378,Rio Grande,BR,2021-07-22 14:29:07,-32.035,-52.0986,59.11,59,12,9.04
379,Andilamena,MG,2021-07-22 14:32:51,-17.0167,48.5833,56.7,88,0,5.28
380,Dalbandin,PK,2021-07-22 14:32:52,28.8947,64.4101,98.76,8,0,8.77
381,Kaeo,NZ,2021-07-22 14:32:52,-35.1,173.7833,48.33,95,10,3.4
382,Kenitra,MA,2021-07-22 14:31:04,34.261,-6.5802,83.16,51,5,11.56
383,Porkhov,RU,2021-07-22 14:32:53,57.765,29.5561,71.49,43,64,9.1
384,Thunder Bay,CA,2021-07-22 14:32:53,48.4001,-89.3168,67.98,73,90,11.5
385,Tuni,IN,2021-07-22 14:32:53,17.35,82.55,76.95,89,100,19.17
386,Springfield,US,2021-07-22 14:32:54,37.2153,-93.2982,79.92,81,1,5.01
387,Atoyac,MX,2021-07-22 14:32:54,20.0167,-103.5333,71.8,72,87,2.35
388,Singaparna,ID,2021-07-22 14:32:54,-7.3515,108.111,71.62,89,78,1.57
389,Gwanda,ZW,2021-07-22 14:32:54,-20.9333,29.0,69.26,15,0,10.78
390,Cabo San Lucas,MX,2021-07-22 14:32:54,22.8909,-109.9124,86.5,66,1,5.06
391,Metro,ID,2021-07-22 14:32:55,-5.1131,105.3067,75.88,90,18,3.62
392,Waipawa,NZ,2021-07-22 14:32:55,-41.4122,175.5153,48.83,85,100,9.89
393,Middlebury,US,2021-07-22 14:32:55,44.0153,-73.1673,73.0,85,40,0.0
394,Lazurne,UA,2021-07-22 14:32:55,46.084,32.5295,81.05,54,83,21.54
395,Mehamn,NO,2021-07-22 14:32:56,71.0357,27.8492,44.51,77,100,27.0
396,Constitucion,CL,2021-07-22 14:32:56,-35.3333,-72.4167,58.24,73,100,4.03
397,Karlivka,UA,2021-07-22 14:32:56,49.4567,35.1295,72.14,48,93,11.68
398,Blackpool,GB,2021-07-22 14:31:52,53.8167,-3.05,92.34,46,20,9.22
399,Fredericksburg,US,2021-07-22 14:32:56,38.3032,-77.4605,80.62,54,1,1.99
400,Anloga,GH,2021-07-22 14:32:57,5.7947,0.8973,84.42,70,90,14.7
401,Shitkino,RU,2021-07-22 14:32:57,56.3703,98.3543,58.28,81,19,3.33
402,Henderson,US,2021-07-22 14:32:57,36.0397,-114.9819,91.51,42,75,0.0
403,Margate,GB,2021-07-22 14:29:54,51.3813,1.3862,79.18,70,0,1.99
404,Jojoima,SL,2021-07-22 14:32:57,7.8792,-10.7878,79.93,85,70,3.69
405,Kirakira,SB,2021-07-22 14:32:58,-10.4544,161.9205,79.38,87,100,7.67
406,Narsaq,GL,2021-07-22 14:32:58,60.9167,-46.05,53.82,60,34,4.43
407,La Rioja,ES,2021-07-22 14:32:58,42.25,-2.5,93.49,12,0,9.66
408,Conde,BR,2021-07-22 14:32:58,-7.2597,-34.9075,76.46,88,40,19.57
409,Novaya Zaimka,RU,2021-07-22 14:30:39,56.4857,66.9241,76.48,63,78,8.46
410,Kudat,MY,2021-07-22 14:32:59,6.8837,116.8477,82.33,74,20,9.22
411,Mount Pleasant,US,2021-07-22 14:32:59,32.7941,-79.8626,87.78,80,40,1.01
412,Tsumeb,NA,2021-07-22 14:32:59,-19.2333,17.7167,72.95,15,0,11.52
413,Ciudad Bolivar,VE,2021-07-22 14:32:59,8.1222,-63.5497,85.64,65,62,7.58
414,Cherskiy,RU,2021-07-22 14:32:59,68.75,161.3,55.89,63,100,4.0
415,Krutinka,RU,2021-07-22 14:32:59,56.0055,71.5113,73.06,64,16,9.95
416,Ouallam,NE,2021-07-22 14:33:00,14.3188,2.0866,97.2,32,18,10.38
417,Kangaatsiaq,GL,2021-07-22 14:33:00,68.3065,-53.4641,40.59,94,100,3.27
418,Oktyabrskoye,RU,2021-07-22 14:33:00,43.0645,44.7417,86.14,51,40,6.71
419,Flinders,AU,2021-07-22 14:33:00,-34.5833,150.8552,53.2,58,100,8.43
420,Yongan,CN,2021-07-22 14:33:00,39.6957,113.6871,61.54,93,79,6.55
421,Nguruka,TZ,2021-07-22 14:33:01,-5.1092,31.0419,86.72,21,2,6.64
422,Sao Joao Da Barra,BR,2021-07-22 14:33:01,-21.6403,-41.0511,77.09,66,92,5.64
423,Ostrovnoy,RU,2021-07-22 14:33:02,68.0531,39.5131,45.57,87,100,15.55
424,Alofi,NU,2021-07-22 14:33:02,-19.0595,-169.9187,69.69,94,1,2.3
425,Grand Gaube,MU,2021-07-22 14:33:02,-20.0064,57.6608,72.0,72,19,5.01
426,Ipixuna,BR,2021-07-22 14:33:03,-1.7625,-48.8043,84.15,46,58,5.7
427,Palanga,LT,2021-07-22 14:33:03,55.9175,21.0686,73.42,64,40,5.75
428,Mitsamiouli,KM,2021-07-22 14:33:03,-11.3847,43.2844,77.86,70,12,7.52
429,Balabac,PH,2021-07-22 14:33:04,7.9868,117.0645,82.98,82,74,14.67
430,Bone,DE,2021-07-22 14:33:04,51.9669,12.1396,78.19,51,91,4.5
431,Ust-Kulom,RU,2021-07-22 14:33:04,61.6864,53.6902,63.03,50,89,4.05
432,Sao Jose Da Coroa Grande,BR,2021-07-22 14:33:04,-8.8978,-35.1478,79.83,64,18,13.49
433,North Platte,US,2021-07-22 14:29:15,41.1239,-100.7654,74.01,67,1,7.0
434,Bouna,CI,2021-07-22 14:33:05,9.2667,-3.0,86.38,52,92,8.12
435,Paamiut,GL,2021-07-22 14:33:05,61.994,-49.6678,43.0,92,98,15.41
436,Santa Ana,US,2021-07-22 14:33:05,33.7456,-117.8678,79.54,86,40,1.01
437,Harlingen,US,2021-07-22 14:33:05,26.1906,-97.6961,83.32,100,75,4.61
438,Kushima,JP,2021-07-22 14:33:05,31.4583,131.2333,77.13,93,100,11.92
439,Nishihara,JP,2021-07-22 14:33:06,26.1842,127.7558,81.68,92,90,26.46
440,Saint Anthony,US,2021-07-22 14:33:06,45.0205,-93.218,79.14,78,20,1.99
441,Jaggayyapeta,IN,2021-07-22 14:33:06,16.9,80.1,74.68,92,100,18.57
442,Pontianak,ID,2021-07-22 14:33:06,-0.0333,109.3333,80.58,89,20,0.0
443,Rockledge,US,2021-07-22 14:33:06,28.3508,-80.7253,91.09,74,1,1.99
444,Ampanihy,MG,2021-07-22 14:33:07,-24.7,44.75,74.26,59,44,8.34
445,Osorno,CL,2021-07-22 14:33:07,-40.5667,-73.15,48.51,93,0,4.61
446,Bajah,YE,2021-07-22 14:33:07,13.8141,44.6301,79.23,66,84,10.96
447,Iskateley,RU,2021-07-22 14:33:07,67.6803,53.1512,50.61,86,91,8.43
448,Wattegama,LK,2021-07-22 14:33:07,6.7989,81.4808,79.99,66,100,12.24
449,Sorland,NO,2021-07-22 14:33:07,67.667,12.6934,51.66,76,75,10.36
450,Songea,TZ,2021-07-22 14:33:08,-10.6833,35.65,69.76,52,100,4.16
451,Stepnyak,KZ,2021-07-22 14:33:08,52.8339,70.7803,74.86,41,5,8.23
452,Villa Carlos Paz,AR,2021-07-22 14:33:08,-31.4241,-64.4978,73.06,34,86,24.0
453,Kenai,US,2021-07-22 14:33:08,60.5544,-151.2583,54.14,94,90,9.22
454,Athabasca,CA,2021-07-22 14:33:08,54.7169,-113.2854,53.42,76,14,11.27
455,Nizwa,OM,2021-07-22 14:33:08,22.9333,57.5333,81.68,64,100,6.78
456,Anadyr,RU,2021-07-22 14:30:45,64.75,177.4833,46.9,81,40,4.0
457,Port Keats,AU,2021-07-22 14:33:09,-14.25,129.55,69.44,71,14,2.08
458,Khandbari,NP,2021-07-22 14:33:09,27.3747,87.2039,74.37,89,48,2.39
459,Guerrero Negro,MX,2021-07-22 14:33:09,27.9769,-114.0611,72.32,75,7,8.9
460,Gualaquiza,EC,2021-07-22 14:33:10,-3.4,-78.55,69.31,68,92,2.55
461,Nacala,MZ,2021-07-22 14:32:07,-14.5428,40.6728,76.37,67,8,8.1
462,West Wendover,US,2021-07-22 14:33:10,40.7391,-114.0733,74.41,53,1,6.91
463,Port Hardy,CA,2021-07-22 14:33:11,50.6996,-127.4199,55.58,94,75,0.0
464,Tazovskiy,RU,2021-07-22 14:33:11,67.4667,78.7,59.29,64,2,7.52
465,La Reforma,MX,2021-07-22 14:33:11,25.0833,-108.05,82.15,70,1,6.69
466,Chadiza,ZM,2021-07-22 14:33:12,-14.0678,32.4392,78.3,27,19,6.4
467,Kerema,PG,2021-07-22 14:33:12,-7.9631,145.7785,77.4,90,99,9.66
468,Bambanglipuro,ID,2021-07-22 14:33:12,-7.95,110.2833,76.84,80,83,9.75
469,Camopi,GF,2021-07-22 14:33:13,3.1655,-52.3158,84.6,69,27,4.76
470,Latehar,IN,2021-07-22 14:33:13,23.75,84.5,80.65,83,36,5.53
471,Vestmannaeyjar,IS,2021-07-22 14:33:13,63.4427,-20.2734,54.59,94,90,19.57
472,Challapata,BO,2021-07-22 14:33:13,-18.9,-66.7667,51.39,26,0,2.37
473,Grajau,BR,2021-07-22 14:33:13,-5.8194,-46.1386,94.73,23,13,10.16
474,North Bend,US,2021-07-22 14:33:14,43.4065,-124.2243,54.07,92,1,0.0
475,Bac Lieu,VN,2021-07-22 14:33:14,9.285,105.7244,81.19,82,100,10.02
476,Ahipara,NZ,2021-07-22 14:33:14,-35.1667,173.1667,53.35,87,2,5.1
477,Itarema,BR,2021-07-22 14:33:14,-2.9248,-39.9167,88.74,48,85,17.13
478,Henties Bay,NA,2021-07-22 14:33:14,-22.116,14.2845,64.85,56,0,14.09
479,Fukuma,JP,2021-07-22 14:33:14,33.7667,130.4667,83.16,74,100,6.24
480,Tumut,AU,2021-07-22 14:33:15,-35.3,148.2167,45.59,86,100,3.71
481,Havre-Saint-Pierre,CA,2021-07-22 14:33:15,50.2334,-63.5986,62.6,82,90,5.75
482,Mikhaylovka,RU,2021-07-22 14:33:15,50.06,43.2379,73.27,67,83,16.24
483,Beaverlodge,CA,2021-07-22 14:33:15,55.2166,-119.4361,51.15,56,4,15.75
484,Songjianghe,CN,2021-07-22 14:33:15,42.1859,127.479,68.86,93,100,2.21
485,Tiblawan,PH,2021-07-22 14:33:16,6.4783,126.1083,84.47,74,99,8.05
486,Praxedis Guerrero,MX,2021-07-22 14:33:16,31.3667,-106.0167,82.81,40,51,11.23
487,Corn Island,NI,2021-07-22 14:33:16,12.1694,-83.0418,81.55,83,100,26.8
488,Hofn,IS,2021-07-22 14:33:16,64.2539,-15.2082,59.02,77,20,20.71
489,Cross Lanes,US,2021-07-22 14:33:16,38.4204,-81.7907,74.41,79,29,1.01
490,Prata,BR,2021-07-22 14:33:16,-19.3072,-48.9242,85.14,24,11,8.63
491,Avera,US,2021-07-22 14:33:17,33.194,-82.5271,85.91,70,4,4.03
492,Coruripe,BR,2021-07-22 14:33:17,-10.1256,-36.1756,79.43,63,5,12.91
493,Chipurupalle,IN,2021-07-22 14:33:17,18.3,83.5667,80.08,82,100,4.23
494,Kovernino,RU,2021-07-22 14:33:17,57.1253,43.8142,68.65,34,5,10.87
495,Adrar,MR,2021-07-22 14:33:17,20.5022,-10.0711,105.26,8,98,8.3
496,Ripon,GB,2021-07-22 14:30:49,54.1352,-1.5212,86.41,57,20,6.91
497,Klaksvik,FO,2021-07-22 14:33:18,62.2266,-6.589,54.52,95,55,4.07
498,Deputatskiy,RU,2021-07-22 14:33:18,69.3,139.9,46.58,83,70,2.24
499,Juneau,US,2021-07-22 14:33:18,58.3019,-134.4197,55.85,96,90,5.75
500,Cornelius,US,2021-07-22 14:33:18,35.4868,-80.8601,82.4,64,1,6.91
501,Pareora,NZ,2021-07-22 14:33:19,-44.4871,171.2132,44.19,97,5,4.43
502,Bambari,CF,2021-07-22 14:33:19,5.768,20.6757,78.22,85,100,4.5
503,Mayo,US,2021-07-22 14:33:19,38.8876,-76.5119,79.57,59,1,5.99
504,Lagos,NG,2021-07-22 14:33:19,6.5833,3.75,84.52,69,99,8.66
505,Hambantota,LK,2021-07-22 14:33:19,6.1241,81.1185,80.85,77,100,20.65
506,Wellington,NZ,2021-07-22 14:29:39,-41.2866,174.7756,51.46,72,75,3.0
507,Pandharpur,IN,2021-07-22 14:33:20,17.6667,75.3333,74.75,85,100,12.68
508,Serenje,ZM,2021-07-22 14:33:20,-13.2325,30.2352,72.59,32,2,8.43
509,Chumikan,RU,2021-07-22 14:33:21,54.7183,135.315,60.46,91,31,0.69
510,Husavik,IS,2021-07-22 14:33:21,66.0449,-17.3389,71.51,67,19,6.15
511,Rabat,MA,2021-07-22 14:33:22,33.9911,-6.8401,90.81,69,3,8.05
512,Piacabucu,BR,2021-07-22 14:33:22,-10.4056,-36.4344,79.84,62,1,12.3
513,Blackwater,AU,2021-07-22 14:33:22,-23.5833,148.8833,49.1,71,0,9.78
514,Firozpur Jhirka,IN,2021-07-22 14:33:23,27.8,76.95,84.52,74,65,5.06
515,Along,IN,2021-07-22 14:33:23,28.1667,94.7667,78.44,88,8,1.74
516,Pacific Grove,US,2021-07-22 14:33:23,36.6177,-121.9166,59.45,92,90,4.0
517,Port Hedland,AU,2021-07-22 14:33:23,-20.3167,118.5667,71.65,83,73,10.36
518,Kununurra,AU,2021-07-22 14:33:23,-15.7667,128.7333,60.78,59,36,1.14
519,Laem Sing,TH,2021-07-22 14:33:23,12.4816,102.0738,81.95,99,100,9.75
520,Owando,CG,2021-07-22 14:33:24,-0.4819,15.8999,97.18,24,100,3.13
521,Volosovo,RU,2021-07-22 14:33:24,59.4333,29.4833,65.64,47,93,10.47
522,Batesville,US,2021-07-22 14:33:24,35.7698,-91.641,81.95,80,75,3.0
523,Bonavista,CA,2021-07-22 14:33:24,48.6499,-53.1147,53.6,86,100,10.83
524,Sydney,AU,2021-07-22 14:30:11,-33.8679,151.2073,54.72,78,75,5.99
525,Santa Quiteria,BR,2021-07-22 14:33:24,-4.3319,-40.1567,93.04,31,7,9.01
526,Traverse City,US,2021-07-22 14:33:25,44.7631,-85.6206,66.83,63,90,3.44
527,Cruz Grande,MX,2021-07-22 14:33:25,16.7333,-99.1333,83.5,67,38,1.54
528,Hovd,MN,2021-07-22 14:33:25,48.0056,91.6419,78.42,25,100,4.99
529,Kaitangata,NZ,2021-07-22 14:33:25,-46.2817,169.8464,41.94,80,4,5.95
530,Mahuva,IN,2021-07-22 14:33:25,21.0914,71.7622,84.34,79,100,16.8
531,Abay,KZ,2021-07-22 14:33:26,49.6311,72.8539,79.18,42,69,11.45
532,Bubaque,GW,2021-07-22 14:33:26,11.2833,-15.8333,81.05,80,96,14.29
533,Yarada,IN,2021-07-22 14:33:26,17.65,83.2667,79.77,84,100,19.1
534,Broken Hill,AU,2021-07-22 14:33:26,-31.95,141.4333,44.31,87,90,13.8
535,Chupa,RU,2021-07-22 14:33:26,66.27,33.0549,50.63,83,91,6.22
536,San Juan,AR,2021-07-22 14:33:26,-31.5375,-68.5364,63.73,18,68,1.95
537,Pandan,PH,2021-07-22 14:33:27,14.0453,124.1694,81.28,83,100,15.75
538,Shimoda,JP,2021-07-22 14:33:27,34.6667,138.95,74.1,86,22,1.7
539,Nantucket,US,2021-07-22 14:33:27,41.2835,-70.0995,73.51,76,40,13.8
540,Alindao,CF,2021-07-22 14:33:27,5.0267,21.2088,79.88,77,100,6.31
541,Huadian,CN,2021-07-22 14:33:27,42.9633,126.7478,73.72,87,99,1.36
542,Kavaratti,IN,2021-07-22 14:33:28,10.5669,72.642,82.71,81,100,23.38
543,Comrat,MD,2021-07-22 14:33:28,46.3003,28.6572,74.91,49,66,17.83
544,Berezovyy,RU,2021-07-22 14:33:28,51.6667,135.7,74.89,82,83,3.27
545,Pangnirtung,CA,2021-07-22 14:33:28,66.1451,-65.7125,44.6,87,90,16.11
546,Eyl,SO,2021-07-22 14:33:28,7.9803,49.8164,83.08,65,82,25.14
547,Milkovo,RU,2021-07-22 14:33:29,54.7167,158.6167,62.83,86,98,3.51
548,Chipinge,ZW,2021-07-22 14:33:29,-20.1883,32.6236,68.32,20,0,4.43
549,Caramay,PH,2021-07-22 14:33:29,10.1815,119.236,82.96,72,100,8.43
550,Cayenne,GF,2021-07-22 14:33:29,4.9333,-52.3333,87.1,77,75,5.01
551,Vila,PT,2021-07-22 14:33:30,42.0304,-8.1588,86.74,30,7,8.68
552,Tuatapere,NZ,2021-07-22 14:33:30,-46.1333,167.6833,40.82,89,4,5.01
553,Ikungi,TZ,2021-07-22 14:33:30,-5.1333,34.7667,72.03,42,43,8.39
554,Lunino,RU,2021-07-22 14:33:31,53.5918,45.2271,69.98,65,10,7.54
555,Pierre,US,2021-07-22 14:33:31,44.3683,-100.351,86.27,61,1,6.91
556,Atasu,KZ,2021-07-22 14:33:31,48.6814,71.6433,77.13,41,69,9.84
557,Dicabisagan,PH,2021-07-22 14:33:32,17.0818,122.4157,80.15,83,100,6.78
558,Safranbolu,TR,2021-07-22 14:33:32,41.2508,32.6942,69.53,66,20,8.08
559,Juegang,CN,2021-07-22 14:33:32,32.3174,121.1855,79.29,87,31,14.0
560,Santiago,CL,2021-07-22 14:31:52,-33.4569,-70.6483,75.29,43,0,3.44
561,Boda,CF,2021-07-22 14:33:32,4.3189,17.4695,75.43,87,100,5.5
562,Ofunato,JP,2021-07-22 14:33:33,39.0717,141.7167,72.84,97,100,2.86
563,Katsuura,JP,2021-07-22 14:33:33,35.1333,140.3,81.1,84,41,6.29
564,Koslan,RU,2021-07-22 14:33:33,63.4564,48.8989,63.14,37,93,6.2
565,Ulladulla,AU,2021-07-22 14:33:34,-35.35,150.4667,46.09,64,100,5.23
566,Okha,RU,2021-07-22 14:33:11,53.5739,142.9478,61.21,97,57,5.66
567,Estevan,CA,2021-07-22 14:33:34,49.1334,-102.9842,73.74,100,90,9.22
568,Lixourion,GR,2021-07-22 14:33:34,38.2019,20.4314,89.46,48,20,14.97
569,Rosario Do Sul,BR,2021-07-22 14:33:34,-30.2583,-54.9142,62.2,56,0,8.05
570,Magadan,RU,2021-07-22 14:33:34,59.5667,150.8,51.89,98,100,8.1
571,Diego De Almagro,CL,2021-07-22 14:33:35,-26.3667,-70.05,77.65,6,0,3.85
572,Garissa,KE,2021-07-22 14:33:35,-0.4536,39.6401,87.87,36,42,22.3
573,Mega,ET,2021-07-22 14:33:35,4.05,38.3,69.96,44,37,15.35
574,Ronda,ES,2021-07-22 14:33:35,36.7423,-5.1671,93.52,15,0,7.14
575,Mahanoro,MG,2021-07-22 14:33:35,-19.9,48.8,69.24,79,1,3.11
576,Salalah,OM,2021-07-22 14:32:01,17.0151,54.0924,80.69,89,75,10.36
577,Smithers,CA,2021-07-22 14:33:36,54.7804,-127.1743,52.12,82,90,0.0
578,Longyan,CN,2021-07-22 14:33:36,25.1072,117.0225,76.32,77,46,0.63
579,Okhotsk,RU,2021-07-22 14:33:36,59.3833,143.3,55.09,95,100,4.83
580,Nyrob,RU,2021-07-22 14:33:36,60.733,56.7202,60.82,73,100,3.71
581,Ust-Ishim,RU,2021-07-22 14:33:36,57.6935,71.1665,73.02,80,65,3.62
582,Kaduy,RU,2021-07-22 14:33:37,59.2,37.15,68.04,45,97,7.4
583,Port Blair,IN,2021-07-22 14:33:37,11.6667,92.75,82.29,85,99,21.0
584,Ubajara,BR,2021-07-22 14:33:37,-3.8544,-40.9211,83.93,35,43,10.71
585,Lishui,CN,2021-07-22 14:33:37,28.4604,119.9103,75.16,98,49,3.8
586,Ziway,ET,2021-07-22 14:33:37,7.9333,38.7167,74.59,55,85,16.22
587,Yumen,CN,2021-07-22 14:33:38,40.2833,97.2,88.92,26,60,12.86
588,Oyon,PE,2021-07-22 14:33:38,-10.6681,-76.7731,52.63,40,1,10.65
589,Ginir,ET,2021-07-22 14:33:38,7.1333,40.7,67.89,61,68,9.51
590,Acajutla,SV,2021-07-22 14:33:38,13.5928,-89.8275,82.74,57,19,4.63
591,Marsa Matruh,EG,2021-07-22 14:33:38,31.3525,27.2453,84.4,65,0,11.5
592,Beringovskiy,RU,2021-07-22 14:33:39,63.05,179.3167,47.01,88,33,5.1
593,Omboue,GA,2021-07-22 14:33:39,-1.5746,9.2618,76.73,70,90,9.75
594,Turbat,PK,2021-07-22 14:33:40,26.0023,63.044,97.83,34,1,15.28
595,Dukat,RU,2021-07-22 14:33:40,62.55,155.55,50.79,96,100,5.1
596,Preston,GB,2021-07-22 14:32:04,53.7667,-2.7167,89.73,42,20,5.75
597,Harper,LR,2021-07-22 14:33:41,4.375,-7.7169,80.2,70,77,11.3
598,Nhulunbuy,AU,2021-07-22 14:33:41,-12.2333,136.7667,72.21,88,27,5.75
599,Isla Aguada,MX,2021-07-22 14:33:41,18.7833,-91.4667,82.44,76,9,15.59
600,Salvador,SV,2021-07-22 14:33:42,13.8333,-88.9167,77.4,69,39,3.83
601,Priargunsk,RU,2021-07-22 14:33:42,50.3691,119.1012,71.15,87,44,4.7
602,Stephenville,US,2021-07-22 14:33:42,32.2207,-98.2023,79.93,79,1,4.61
603,Honiara,SB,2021-07-22 14:33:42,-9.4333,159.95,76.33,91,97,5.93
604,Huainan,CN,2021-07-22 14:33:42,32.6264,116.9969,76.8,89,37,9.71
605,Geraldton,AU,2021-07-22 14:33:43,-28.7667,114.6,54.01,94,40,3.44
606,Guasdualito,VE,2021-07-22 14:33:43,7.2424,-70.7324,71.67,98,100,1.36
607,Atherton,GB,2021-07-22 14:33:43,53.5237,-2.4935,88.05,43,7,5.03
608,Nakamura,JP,2021-07-22 14:33:43,32.9833,132.9333,75.33,94,100,6.93
609,Fort Nelson,CA,2021-07-22 14:33:43,58.8053,-122.7002,56.79,88,90,5.75
610,Rodeo,US,2021-07-22 14:33:44,38.033,-122.2669,65.07,82,1,3.0
611,Boma,GH,2021-07-22 14:33:44,7.0805,-2.1697,81.23,72,92,4.03
612,Taltal,CL,2021-07-22 14:33:44,-25.4,-70.4833,62.8,62,17,4.74
613,Fairbanks,US,2021-07-22 14:33:44,64.8378,-147.7164,64.81,69,90,0.0
614,Tambun,ID,2021-07-22 14:33:44,-6.2641,107.0712,84.04,74,40,4.61
615,Methala,IN,2021-07-22 14:33:44,10.2166,76.2166,77.0,83,100,13.18
616,Pitimbu,BR,2021-07-22 14:33:45,-7.4706,-34.8086,77.59,68,22,18.95
617,Lasa,IT,2021-07-22 14:33:45,46.6166,10.7002,75.94,61,36,2.19
618,Bondoukou,CI,2021-07-22 14:33:45,8.0333,-2.8,82.58,62,99,6.93
619,Omsukchan,RU,2021-07-22 14:33:45,62.5333,155.8,51.24,95,100,6.44
620,Altay,CN,2021-07-22 14:33:45,47.8667,88.1167,76.17,36,100,9.8
621,Edgewater,US,2021-07-22 14:33:46,28.9889,-80.9023,90.37,79,40,5.75
622,Karlskoga,SE,2021-07-22 14:33:46,59.3267,14.5239,79.07,38,8,11.23
623,Mackay,AU,2021-07-22 14:33:46,-21.15,149.2,55.04,87,3,3.44
624,Clyde River,CA,2021-07-22 14:33:46,70.4692,-68.5914,37.63,100,90,3.44
625,Alta Floresta,BR,2021-07-22 14:33:46,-9.8756,-56.0861,91.22,33,0,9.22
626,Manono,CD,2021-07-22 14:33:46,-7.3,27.4167,93.76,17,16,8.08
627,Bangangte,CM,2021-07-22 14:33:47,5.1409,10.5198,69.31,85,83,5.39
628,Beloha,MG,2021-07-22 14:33:47,-25.1667,45.05,71.56,69,34,7.61
629,Mwense,ZM,2021-07-22 14:33:47,-10.3845,28.698,85.48,19,28,7.81
630,Pangai,TO,2021-07-22 14:33:47,-19.8,-174.35,76.87,75,100,11.34
631,Russas,BR,2021-07-22 14:33:47,-4.9403,-37.9758,93.09,34,33,12.41
632,Mzimba,MW,2021-07-22 14:33:48,-11.9,33.6,69.33,46,54,11.61
633,Marion,US,2021-07-22 14:32:07,39.7684,-86.1555,74.55,71,90,5.75
634,Atar,MR,2021-07-22 14:33:48,20.5169,-13.0499,102.45,8,34,11.01
635,Akhmim,EG,2021-07-22 14:33:48,26.5622,31.745,104.2,18,0,18.28
636,Gambela,ET,2021-07-22 14:31:50,8.25,34.5833,79.97,79,90,1.39
637,Berlevag,NO,2021-07-22 14:33:49,70.8578,29.0864,46.2,76,75,31.07
638,Tall Kayf,TR,2021-07-22 14:33:49,37.0833,41.0667,102.54,18,0,11.07
639,Zhigansk,RU,2021-07-22 14:33:50,66.7697,123.3711,61.02,87,99,7.38
640,Genhe,CN,2021-07-22 14:33:50,50.7833,121.5167,66.69,95,31,3.96
641,Los Llanos De Aridane,ES,2021-07-22 14:33:50,28.6585,-17.9182,73.15,79,0,20.71
642,Valleyview,CA,2021-07-22 14:33:51,55.0667,-117.2859,48.24,93,5,10.36
643,Dolinsk,RU,2021-07-22 14:33:51,47.35,142.8,64.26,97,99,7.31
644,Havoysund,NO,2021-07-22 14:33:51,70.9963,24.6622,47.28,72,97,23.4
645,Mielec,PL,2021-07-22 14:30:41,50.2871,21.4239,75.67,56,65,6.33
646,Chimbote,PE,2021-07-22 14:32:02,-9.0853,-78.5783,66.18,75,63,7.81
647,Slave Lake,CA,2021-07-22 14:33:52,55.2834,-114.769,55.38,71,1,4.61
648,Merauke,ID,2021-07-22 14:33:52,-8.4667,140.3333,75.54,83,75,12.5
649,Kuching,MY,2021-07-22 14:31:03,1.55,110.3333,80.82,89,20,0.0
650,Kizema,RU,2021-07-22 14:33:52,61.113,44.8302,65.28,39,87,9.1
651,Krasnoselkup,RU,2021-07-22 14:33:52,65.7,82.4667,62.83,79,74,7.47
652,San Cristobal,VE,2021-07-22 14:29:27,7.7669,-72.225,77.18,79,97,5.88
653,Olinda,BR,2021-07-22 14:33:53,-8.0089,-34.8553,80.33,61,40,17.27
654,Komyshnya,UA,2021-07-22 14:33:53,50.1859,33.684,74.21,43,5,12.37
655,Syrskoye,RU,2021-07-22 14:30:55,52.5744,39.4966,72.66,40,40,9.37
656,Levelland,US,2021-07-22 14:33:53,33.5873,-102.378,74.19,51,1,11.88
657,Usinsk,RU,2021-07-22 14:33:54,65.9939,57.5281,56.71,45,95,11.01
658,Isla Vista,US,2021-07-22 14:33:54,34.4133,-119.861,83.12,43,1,0.0
659,Moerai,PF,2021-07-22 14:33:54,-22.4333,-151.3333,73.04,76,0,9.55
660,San Angelo,US,2021-07-22 14:33:54,31.4638,-100.437,80.29,77,1,4.0
661,Campbell River,CA,2021-07-22 14:33:54,50.0163,-125.2446,59.27,100,20,2.3
662,Hargeysa,SO,2021-07-22 14:33:54,9.56,44.065,80.94,38,100,23.85
663,Gannan,CN,2021-07-22 14:33:55,47.9147,123.5031,72.72,90,7,4.54
664,Tiksi,RU,2021-07-22 14:33:55,71.6872,128.8694,39.74,85,100,4.18
665,Kozulka,UA,2021-07-22 14:33:55,50.0351,23.797,69.44,78,91,5.64
666,Beinamar,TD,2021-07-22 14:33:55,8.6698,15.3813,77.72,84,100,2.1
667,Ishigaki,JP,2021-07-22 14:33:55,24.3448,124.1572,81.88,91,100,56.3
668,Grindavik,IS,2021-07-22 14:33:55,63.8424,-22.4338,57.15,100,90,21.85
669,Chepareria,KE,2021-07-22 14:33:56,1.3077,35.2039,68.13,79,33,2.39
670,Imeni Poliny Osipenko,RU,2021-07-22 14:33:56,52.4201,136.4853,75.07,75,56,2.28
671,Thohoyandou,ZA,2021-07-22 14:33:56,-22.9456,30.485,69.75,6,0,10.65
672,Tateyama,JP,2021-07-22 14:33:56,34.9833,139.8667,81.01,82,7,5.68
673,Lewisville,US,2021-07-22 14:33:56,33.0462,-96.9942,85.98,70,1,0.0
674,Sandovo,RU,2021-07-22 14:33:57,58.4602,36.4128,68.23,45,98,9.86
675,Chapais,CA,2021-07-22 14:33:57,49.7834,-74.8492,67.78,34,100,7.9
676,Los Alamos,US,2021-07-22 14:33:57,35.8881,-106.307,71.04,69,40,3.44
677,Aswan,EG,2021-07-22 14:33:57,24.0934,32.907,110.5,12,0,6.91
678,Kurumkan,RU,2021-07-22 14:33:57,54.3,110.3,62.6,72,1,2.77
679,Zhuhai,CN,2021-07-22 14:33:57,22.2769,113.5678,85.69,94,20,4.61
680,Maldonado,UY,2021-07-22 14:33:58,-34.6667,-54.9167,57.22,51,73,7.23
681,Port Lincoln,AU,2021-07-22 14:33:58,-34.7333,135.8667,52.43,86,90,8.81
682,Coquimbo,CL,2021-07-22 14:30:24,-29.9533,-71.3436,49.73,93,90,6.91
683,Sinnamary,GF,2021-07-22 14:33:59,5.3833,-52.95,86.09,67,22,8.34
684,Sinjai,ID,2021-07-22 14:33:59,-5.1241,120.253,73.29,89,95,3.6
685,Port Hawkesbury,CA,2021-07-22 14:33:59,45.6169,-61.3485,66.9,97,90,3.0
686,Nikolayevka,RU,2021-07-22 14:34:00,53.1257,47.2041,69.26,68,60,8.5
687,Charters Towers,AU,2021-07-22 14:34:00,-20.1,146.2667,55.18,87,2,8.16
688,Jati,PK,2021-07-22 14:34:01,24.3539,68.2671,87.8,68,22,15.84
689,Mayumba,GA,2021-07-22 14:34:01,-3.432,10.6554,74.64,76,96,8.84
690,Varzelandia,BR,2021-07-22 14:34:01,-15.7014,-44.0275,80.42,33,4,8.63
691,Oxapampa,PE,2021-07-22 14:34:01,-10.5775,-75.4017,67.6,59,4,4.47
692,Kapuskasing,CA,2021-07-22 14:34:01,49.4169,-82.4331,59.09,82,90,3.44
693,Yazman,PK,2021-07-22 14:34:01,29.1212,71.7446,99.57,34,1,9.53
694,Palmer,US,2021-07-22 14:34:02,42.1584,-72.3287,77.61,61,20,1.01
695,Novoilinsk,RU,2021-07-22 14:34:02,51.6829,108.7143,60.57,90,0,3.44
696,San Rafael,AR,2021-07-22 14:32:55,-34.6177,-68.3301,64.62,17,100,3.56
697,Moose Factory,CA,2021-07-22 14:34:02,51.2585,-80.6094,62.6,88,90,3.44
698,Dakar,SN,2021-07-22 14:30:11,14.6937,-17.4441,88.68,70,40,4.61
699,Bratsk,RU,2021-07-22 14:29:47,56.1325,101.6142,61.29,67,29,4.07
700,Barabai,ID,2021-07-22 14:34:03,-2.5833,115.3833,76.01,85,100,1.83
701,Flin Flon,CA,2021-07-22 14:34:03,54.7682,-101.865,67.84,94,90,8.05
702,Chiredzi,ZW,2021-07-22 14:34:03,-21.05,31.6667,77.76,16,0,5.14
703,Myitkyina,MM,2021-07-22 14:34:03,25.3833,97.4,76.44,95,100,1.03
704,Faya,SA,2021-07-22 14:34:04,18.3851,42.4509,68.11,89,90,10.98
705,Valley City,US,2021-07-22 14:34:04,46.9233,-98.0032,77.99,83,1,3.44
706,Karratha,AU,2021-07-22 14:34:04,-20.7377,116.8463,73.58,35,6,10.16
707,Neya,RU,2021-07-22 14:34:04,58.2972,43.8681,67.84,33,7,6.96
708,Coahuayana,MX,2021-07-22 14:34:04,18.7333,-103.6833,82.6,76,100,2.04
709,Biltine,TD,2021-07-22 14:34:05,14.5333,20.9167,79.99,67,99,12.82
710,Vila Franca Do Campo,PT,2021-07-22 14:34:05,37.7167,-25.4333,72.01,67,67,9.51
