City_ID,City,Country,Date,Lat,Lng,Max Temp,Humidity,Cloudiness,Wind Speed,Current Weather
0,Saint George,US,2021-07-25 20:15:14,37.1041,-113.5841,96.8,34,1,1.01,clear sky
1,General Cepeda,MX,2021-07-25 20:15:15,25.3833,-101.45,85.41,21,2,15.12,clear sky
2,Mataura,NZ,2021-07-25 20:15:15,-46.1927,168.8643,46.47,92,100,3.38,overcast clouds
3,Shahrud,IR,2021-07-25 20:15:15,36.4182,54.9763,77.61,52,0,10.18,clear sky
4,Mitu,CO,2021-07-25 20:15:15,1.1983,-70.1733,77.32,80,81,3.38,broken clouds
5,Big Spring,US,2021-07-25 20:15:15,32.2504,-101.4787,99.28,36,1,3.0,clear sky
6,Castro,BR,2021-07-25 20:13:11,-24.7911,-50.0119,65.03,61,2,3.85,clear sky
7,Ilulissat,GL,2021-07-25 20:15:16,69.2167,-51.1,53.62,37,100,9.22,overcast clouds
8,Tuatapere,NZ,2021-07-25 20:15:16,-46.1333,167.6833,46.81,95,100,4.74,overcast clouds
9,Bredasdorp,ZA,2021-07-25 20:15:16,-34.5322,20.0403,52.32,51,100,4.68,overcast clouds
10,Montrose,US,2021-07-25 20:15:17,38.4166,-108.2673,76.41,54,92,6.71,overcast clouds
11,Georgetown,MY,2021-07-25 20:10:48,5.4112,100.3354,83.89,83,20,0.0,few clouds
12,Vanimo,PG,2021-07-25 20:15:17,-2.6741,141.3028,75.42,81,100,2.59,overcast clouds
13,Bremervorde,DE,2021-07-25 20:15:17,53.4833,9.1333,73.58,85,34,0.96,scattered clouds
14,Rikitea,PF,2021-07-25 20:15:17,-23.1203,-134.9692,70.65,67,38,6.42,scattered clouds
15,Linkoping,SE,2021-07-25 20:10:19,58.4109,15.6216,70.21,68,100,5.75,overcast clouds
16,Ocean City,US,2021-07-25 20:15:18,39.2776,-74.5746,90.25,70,3,8.99,clear sky
17,Busselton,AU,2021-07-25 20:15:18,-33.65,115.3333,58.08,65,8,20.58,clear sky
18,Sibolga,ID,2021-07-25 20:15:18,1.7427,98.7792,76.64,82,26,3.38,scattered clouds
19,East London,ZA,2021-07-25 20:15:19,-33.0153,27.9116,59.49,46,4,7.78,clear sky
20,Troitsko-Pechorsk,RU,2021-07-25 20:15:19,62.7084,56.1964,46.96,91,74,5.3,broken clouds
21,Baymak,RU,2021-07-25 20:15:19,52.5933,58.3225,53.89,61,0,7.34,clear sky
22,Mishan,CN,2021-07-25 20:15:19,45.55,131.8833,69.15,88,99,2.48,overcast clouds
23,Mar Del Plata,AR,2021-07-25 20:15:20,-38.0023,-57.5575,54.09,58,90,5.01,overcast clouds
24,Constitucion,CL,2021-07-25 20:15:20,-35.3333,-72.4167,53.65,86,26,9.13,scattered clouds
25,Hermanus,ZA,2021-07-25 20:14:55,-34.4187,19.2345,61.9,53,100,9.73,overcast clouds
26,Saldanha,ZA,2021-07-25 20:15:20,-33.0117,17.9442,60.49,50,100,12.41,overcast clouds
27,Tasiilaq,GL,2021-07-25 20:15:20,65.6145,-37.6368,48.36,85,50,5.26,scattered clouds
28,Saskylakh,RU,2021-07-25 20:15:21,71.9167,114.0833,55.15,68,85,13.8,overcast clouds
29,Baruun-Urt,MN,2021-07-25 20:15:21,46.6806,113.2792,60.42,69,100,12.01,overcast clouds
30,Hilo,US,2021-07-25 20:15:21,19.7297,-155.09,81.81,85,40,0.0,light rain
31,Bluff,NZ,2021-07-25 20:15:22,-46.6,168.3333,46.8,87,100,4.81,overcast clouds
32,Kapaa,US,2021-07-25 20:15:22,22.0752,-159.319,82.72,79,75,1.99,light rain
33,Mount Isa,AU,2021-07-25 20:15:22,-20.7333,139.5,49.77,46,15,6.91,few clouds
34,Albany,US,2021-07-25 20:15:22,42.6001,-73.9662,84.25,73,60,1.99,broken clouds
35,Los Llanos De Aridane,ES,2021-07-25 20:15:22,28.6585,-17.9182,69.55,78,20,14.97,few clouds
36,Nanortalik,GL,2021-07-25 20:15:22,60.1432,-45.2371,45.12,73,100,13.76,overcast clouds
37,Yulara,AU,2021-07-25 20:15:23,-25.2406,130.9889,46.24,61,5,5.75,clear sky
38,Emmett,US,2021-07-25 20:15:23,43.8735,-116.4993,98.49,8,0,5.39,clear sky
39,Arraial Do Cabo,BR,2021-07-25 20:15:23,-22.9661,-42.0278,73.26,68,0,18.41,clear sky
40,Saint-Philippe,RE,2021-07-25 20:15:23,-21.3585,55.7679,69.35,77,36,11.92,scattered clouds
41,Port Lincoln,AU,2021-07-25 20:15:23,-34.7333,135.8667,55.89,82,100,18.57,overcast clouds
42,Punta Arenas,CL,2021-07-25 20:15:24,-53.15,-70.9167,41.11,60,0,14.97,clear sky
43,Korla,CN,2021-07-25 20:15:24,41.7597,86.1469,86.58,13,0,8.01,clear sky
44,Talnakh,RU,2021-07-25 20:15:24,69.4865,88.3972,55.8,93,100,4.88,overcast clouds
45,Antalaha,MG,2021-07-25 20:15:24,-14.9003,50.2788,65.3,84,76,7.7,broken clouds
46,Ushuaia,AR,2021-07-25 20:15:25,-54.8,-68.3,37.06,75,40,20.71,scattered clouds
47,Hamilton,US,2021-07-25 20:15:25,39.1834,-84.5333,91.08,66,40,3.0,scattered clouds
48,Chokurdakh,RU,2021-07-25 20:15:25,70.6333,147.9167,41.11,67,1,9.71,clear sky
49,Tuktoyaktuk,CA,2021-07-25 20:15:25,69.4541,-133.0374,44.44,90,100,19.66,overcast clouds
50,Cape Town,ZA,2021-07-25 20:12:15,-33.9258,18.4232,62.11,53,0,3.44,clear sky
51,Pacific Grove,US,2021-07-25 20:15:26,36.6177,-121.9166,85.57,79,20,5.99,few clouds
52,Namibe,AO,2021-07-25 20:15:26,-15.1961,12.1522,66.6,87,0,4.92,clear sky
53,Nome,US,2021-07-25 20:15:27,64.5011,-165.4064,50.16,87,90,8.05,light rain
54,Gaeta,IT,2021-07-25 20:15:27,41.2183,13.5628,83.41,43,100,3.83,overcast clouds
55,Youkounkoun,GN,2021-07-25 20:15:28,12.5333,-13.1333,77.49,89,83,4.38,light rain
56,New Norfolk,AU,2021-07-25 20:15:28,-42.7826,147.0587,42.71,68,47,4.0,scattered clouds
57,Dakar,SN,2021-07-25 20:15:28,14.6937,-17.4441,83.28,77,100,9.26,overcast clouds
58,Cidreira,BR,2021-07-25 20:15:28,-30.1811,-50.2056,68.14,67,0,10.83,clear sky
59,Adrar,MR,2021-07-25 20:15:29,20.5022,-10.0711,100.99,7,17,8.79,few clouds
60,Srednekolymsk,RU,2021-07-25 20:11:45,67.45,153.6833,42.1,70,100,16.24,overcast clouds
61,Ust-Nera,RU,2021-07-25 20:15:29,64.5667,143.2,50.34,97,100,7.34,light rain
62,Villanueva,HN,2021-07-25 20:15:29,15.3167,-88.0,94.03,49,20,14.97,few clouds
63,Nipawin,CA,2021-07-25 20:15:29,53.3668,-104.0009,78.84,29,94,14.97,overcast clouds
64,Petropavlovsk-Kamchatskiy,RU,2021-07-25 20:15:30,53.0452,158.6483,57.79,100,20,2.24,few clouds
65,Yellowknife,CA,2021-07-25 20:13:01,62.456,-114.3525,64.33,51,56,1.01,broken clouds
66,Lasa,IT,2021-07-25 20:15:30,46.6166,10.7002,62.02,89,67,2.28,broken clouds
67,Campbellsville,US,2021-07-25 20:15:30,37.3434,-85.3419,90.16,55,95,3.0,overcast clouds
68,Esperance,AU,2021-07-25 20:15:30,-33.8667,121.9,52.84,86,2,17.6,clear sky
69,Emba,KZ,2021-07-25 20:15:31,48.8264,58.1442,74.25,40,0,8.43,clear sky
70,Anadyr,RU,2021-07-25 20:15:00,64.75,177.4833,51.01,100,100,5.99,overcast clouds
71,Nikolskoye,RU,2021-07-25 20:15:31,59.7035,30.7861,67.89,70,24,2.53,few clouds
72,Muros,ES,2021-07-25 20:15:31,42.7762,-9.0603,70.68,70,7,10.18,clear sky
73,Buala,SB,2021-07-25 20:15:31,-8.145,159.5921,79.3,84,24,7.25,few clouds
74,Dikson,RU,2021-07-25 20:15:32,73.5069,80.5464,39.42,85,100,14.88,overcast clouds
75,Egvekinot,RU,2021-07-25 20:15:32,66.3167,-179.1667,44.53,90,100,1.23,overcast clouds
76,Vaini,TO,2021-07-25 20:15:32,-21.2,-175.2,75.47,83,71,4.83,broken clouds
77,Cherskiy,RU,2021-07-25 20:15:33,68.75,161.3,45.93,63,23,7.2,few clouds
78,Bathsheba,BB,2021-07-25 20:15:33,13.2167,-59.5167,84.81,79,20,11.5,few clouds
79,Goderich,CA,2021-07-25 20:15:34,43.7501,-81.7165,84.04,73,0,5.75,clear sky
80,Qaanaaq,GL,2021-07-25 20:15:34,77.484,-69.3632,40.53,71,80,5.68,broken clouds
81,Grand Gaube,MU,2021-07-25 20:15:34,-20.0064,57.6608,70.2,62,8,5.01,clear sky
82,Norfolk,US,2021-07-25 20:15:34,42.1668,-71.2495,73.89,88,90,11.5,overcast clouds
83,Mahebourg,MU,2021-07-25 20:15:34,-20.4081,57.7,70.09,64,20,11.5,few clouds
84,Namatanai,PG,2021-07-25 20:15:35,-3.6667,152.4333,78.44,84,95,1.72,overcast clouds
85,Basco,PH,2021-07-25 20:15:35,20.4487,121.9702,82.92,88,97,30.22,light rain
86,Krasnyy Chikoy,RU,2021-07-25 20:15:35,50.3643,108.7512,52.34,87,5,2.46,clear sky
87,Avera,US,2021-07-25 20:15:36,33.194,-82.5271,91.45,50,84,4.41,broken clouds
88,Hami,CN,2021-07-25 20:15:36,42.8,93.45,85.69,19,0,8.93,clear sky
89,Barrow,US,2021-07-25 20:15:36,71.2906,-156.7887,44.62,92,90,12.66,overcast clouds
90,Biltine,TD,2021-07-25 20:15:36,14.5333,20.9167,78.4,74,100,3.38,overcast clouds
91,Butaritari,KI,2021-07-25 20:15:36,3.0707,172.7902,82.08,74,92,11.12,moderate rain
92,Beringovskiy,RU,2021-07-25 20:15:37,63.05,179.3167,51.76,90,100,1.61,overcast clouds
93,Padang,ID,2021-07-25 20:15:37,-0.9492,100.3543,77.56,86,33,3.38,scattered clouds
94,Zhuanghe,CN,2021-07-25 20:15:37,39.7008,122.9911,72.32,91,37,3.42,scattered clouds
95,Bagdarin,RU,2021-07-25 20:15:37,54.4333,113.6,54.45,79,97,4.12,overcast clouds
96,Kamenka,RU,2021-07-25 20:15:37,51.3223,42.7678,61.57,55,13,6.62,few clouds
97,Aklavik,CA,2021-07-25 20:15:38,68.2191,-135.0107,54.32,67,100,19.15,overcast clouds
98,Necochea,AR,2021-07-25 20:15:38,-38.5473,-58.7368,49.03,83,100,18.01,overcast clouds
99,Yumen,CN,2021-07-25 20:15:38,40.2833,97.2,76.3,33,4,10.07,clear sky
100,Excelsior Springs,US,2021-07-25 20:15:38,39.3392,-94.2261,91.6,57,100,8.05,overcast clouds
101,Geraldton,AU,2021-07-25 20:15:38,-28.7667,114.6,46.81,93,0,12.66,clear sky
102,Itambacuri,BR,2021-07-25 20:15:39,-18.0311,-41.685,72.23,55,0,9.04,clear sky
103,Inongo,CD,2021-07-25 20:15:39,-1.95,18.2667,74.7,46,86,4.47,overcast clouds
104,Port Alfred,ZA,2021-07-25 20:15:39,-33.5906,26.891,61.18,43,58,11.21,broken clouds
105,Huizhou,CN,2021-07-25 20:15:39,23.0833,114.4,80.82,85,55,2.84,broken clouds
106,Tiksi,RU,2021-07-25 20:15:40,71.6872,128.8694,48.25,81,100,6.38,overcast clouds
107,Mandan,US,2021-07-25 20:15:40,46.8267,-100.8896,96.01,23,1,3.0,clear sky
108,Port Blair,IN,2021-07-25 20:15:40,11.6667,92.75,82.17,86,100,16.6,overcast clouds
109,Hithadhoo,MV,2021-07-25 20:15:40,-0.6,73.0833,80.6,75,87,4.0,light rain
110,Hanting,CN,2021-07-25 20:15:41,36.7708,119.2108,76.33,84,99,4.25,overcast clouds
111,Vychegodskiy,RU,2021-07-25 20:15:41,61.247,46.8984,56.28,74,100,5.95,overcast clouds
112,Zhezkazgan,KZ,2021-07-25 20:15:41,47.8043,67.7144,77.72,39,0,19.98,clear sky
113,Rio Gallegos,AR,2021-07-25 20:14:44,-51.6226,-69.2181,39.25,65,40,20.71,scattered clouds
114,Polewali,ID,2021-07-25 20:15:42,-3.4324,119.3435,72.34,83,25,3.4,scattered clouds
115,Atuona,PF,2021-07-25 20:15:42,-9.8,-139.0333,77.97,69,68,22.95,broken clouds
116,Buraydah,SA,2021-07-25 20:15:42,26.326,43.975,96.91,13,3,10.71,clear sky
117,Thompson,CA,2021-07-25 20:15:42,55.7435,-97.8558,62.76,42,20,10.36,few clouds
118,Sidi Ali,DZ,2021-07-25 20:15:42,36.0998,0.4206,74.82,55,0,4.52,clear sky
119,Nouadhibou,MR,2021-07-25 20:15:42,20.931,-17.0347,71.58,88,8,20.71,clear sky
120,Jamestown,US,2021-07-25 20:11:38,42.097,-79.2353,86.29,56,20,1.99,few clouds
121,Upington,ZA,2021-07-25 20:15:43,-28.4478,21.2561,48.58,37,57,8.05,broken clouds
122,Alofi,NU,2021-07-25 20:15:43,-19.0595,-169.9187,76.89,94,40,10.36,scattered clouds
123,Normandin,CA,2021-07-25 20:15:43,48.8333,-72.5321,75.51,60,52,11.5,broken clouds
124,Lorengau,PG,2021-07-25 20:15:43,-2.0226,147.2712,78.66,83,100,8.66,overcast clouds
125,Ponta Do Sol,PT,2021-07-25 20:15:44,32.6667,-17.1,79.0,82,1,4.38,clear sky
126,Coquimbo,CL,2021-07-25 20:14:36,-29.9533,-71.3436,58.73,67,0,12.66,clear sky
127,Ust-Maya,RU,2021-07-25 20:15:44,60.4167,134.5333,57.54,84,5,3.4,clear sky
128,Puerto Baquerizo Moreno,EC,2021-07-25 20:15:44,-0.9,-89.6,72.21,75,7,13.94,clear sky
129,Port Elizabeth,ZA,2021-07-25 20:15:03,-33.918,25.5701,52.09,82,40,5.75,scattered clouds
130,Khatanga,RU,2021-07-25 20:15:44,71.9667,102.5,48.83,87,43,6.46,scattered clouds
131,Mnogovershinnyy,RU,2021-07-25 20:15:45,53.9353,139.9242,67.91,90,100,3.06,overcast clouds
132,Lebu,CL,2021-07-25 20:15:45,-37.6167,-73.65,52.11,88,39,12.1,scattered clouds
133,Ugoofaaru,MV,2021-07-25 20:15:45,5.6667,73.0,82.04,77,99,17.67,overcast clouds
134,Serenje,ZM,2021-07-25 20:15:46,-13.2325,30.2352,47.46,78,0,10.6,clear sky
135,Tawala,PH,2021-07-25 20:15:47,9.5542,123.7696,83.52,74,100,13.24,overcast clouds
136,Dingle,PH,2021-07-25 20:15:47,10.9995,122.6711,77.14,89,34,9.69,light rain
137,Kodiak,US,2021-07-25 20:15:47,57.79,-152.4072,51.31,87,90,5.75,fog
138,Piterka,RU,2021-07-25 20:15:47,50.6803,47.4454,65.16,49,0,7.07,clear sky
139,Chimbote,PE,2021-07-25 20:15:47,-9.0853,-78.5783,68.54,73,20,9.64,few clouds
140,Hobart,AU,2021-07-25 20:13:08,-42.8794,147.3294,43.05,71,40,1.01,scattered clouds
141,Northam,GB,2021-07-25 20:15:48,51.0333,-4.2167,67.62,88,47,5.32,scattered clouds
142,Muroto,JP,2021-07-25 20:15:48,33.2833,134.15,77.4,85,95,9.89,overcast clouds
143,Ribeira Grande,PT,2021-07-25 20:15:48,38.5167,-28.7,73.8,78,20,16.11,few clouds
144,Puerto Ayora,EC,2021-07-25 20:15:49,-0.7393,-90.3518,80.56,85,35,5.01,scattered clouds
145,Sedona,US,2021-07-25 20:12:38,34.8697,-111.761,83.62,75,75,1.99,broken clouds
146,Zhigansk,RU,2021-07-25 20:15:49,66.7697,123.3711,58.62,66,38,8.61,scattered clouds
147,Victoria,HK,2021-07-25 20:11:16,22.2855,114.1577,86.38,86,16,1.01,few clouds
148,Kushima,JP,2021-07-25 20:15:49,31.4583,131.2333,80.11,92,100,7.76,overcast clouds
149,Carnarvon,AU,2021-07-25 20:15:50,-24.8667,113.6333,62.87,74,0,5.03,clear sky
150,Kruisfontein,ZA,2021-07-25 20:15:50,-34.0033,24.7314,54.28,37,70,5.91,broken clouds
151,Grindavik,IS,2021-07-25 20:15:50,63.8424,-22.4338,50.56,87,90,27.63,overcast clouds
152,Qujing,CN,2021-07-25 20:12:26,25.4833,103.7833,58.93,95,99,0.85,overcast clouds
153,Gunnedah,AU,2021-07-25 20:15:51,-30.9833,150.25,33.73,88,1,2.64,clear sky
154,Fayetteville,US,2021-07-25 20:15:51,35.0527,-78.8784,91.89,57,1,5.99,clear sky
155,Ararangua,BR,2021-07-25 20:15:51,-28.9347,-49.4858,81.86,65,59,4.99,broken clouds
156,Isangel,VU,2021-07-25 20:15:51,-19.55,169.2667,75.0,87,100,12.8,overcast clouds
157,Kavaratti,IN,2021-07-25 20:15:52,10.5669,72.642,81.0,79,100,21.61,overcast clouds
158,Melilla,ES,2021-07-25 20:15:52,35.2937,-2.9383,86.2,41,0,18.41,clear sky
159,Bang Krathum,TH,2021-07-25 20:15:52,16.5783,100.3003,75.83,93,100,5.14,overcast clouds
160,Swellendam,ZA,2021-07-25 20:15:52,-34.0226,20.4417,44.98,35,100,6.53,overcast clouds
161,Hay River,CA,2021-07-25 20:15:53,60.8156,-115.7999,60.78,59,40,6.91,scattered clouds
162,Kaitangata,NZ,2021-07-25 20:15:53,-46.2817,169.8464,48.92,71,100,3.02,overcast clouds
163,Shimoda,JP,2021-07-25 20:15:53,34.6667,138.95,75.11,87,9,7.74,clear sky
164,Tambura,SS,2021-07-25 20:15:53,5.6,27.4667,68.58,99,100,2.77,moderate rain
165,Najran,SA,2021-07-25 20:15:53,17.4924,44.1277,86.65,30,90,4.34,overcast clouds
166,Bodden Town,KY,2021-07-25 20:15:54,19.2833,-81.25,87.93,73,40,4.0,scattered clouds
167,Majene,ID,2021-07-25 20:15:54,-3.5403,118.9707,74.64,90,27,8.61,scattered clouds
168,Farafangana,MG,2021-07-25 20:15:54,-22.8167,47.8333,65.66,67,100,8.9,overcast clouds
169,Suhbaatar,MN,2021-07-25 20:15:54,50.2314,106.2078,58.73,76,3,5.55,clear sky
170,Provideniya,RU,2021-07-25 20:15:54,64.3833,-173.3,46.51,100,90,6.71,moderate rain
171,Helong,CN,2021-07-25 20:15:55,42.5397,128.9972,68.74,98,100,1.9,overcast clouds
172,Portland,US,2021-07-25 20:14:33,45.5234,-122.6762,88.7,47,1,1.99,clear sky
173,Lata,PT,2021-07-25 20:15:55,40.1629,-8.3327,67.35,96,57,4.88,broken clouds
174,Raisinghnagar,IN,2021-07-25 20:15:55,29.5358,73.4492,98.49,41,30,13.2,scattered clouds
175,Ca Mau,VN,2021-07-25 20:15:55,9.1769,105.15,77.58,89,100,4.23,overcast clouds
176,Magrath,CA,2021-07-25 20:15:55,49.4167,-112.8686,88.12,31,0,4.61,clear sky
177,Paamiut,GL,2021-07-25 20:15:56,61.994,-49.6678,44.29,73,82,5.59,broken clouds
178,Leningradskiy,RU,2021-07-25 20:15:56,69.3833,178.4167,37.8,90,100,4.65,overcast clouds
179,Vardo,NO,2021-07-25 20:15:56,70.3705,31.1107,46.6,93,75,16.11,drizzle
180,Naushahro Firoz,PK,2021-07-25 20:15:56,26.8424,68.123,96.13,50,100,13.24,overcast clouds
181,Balikpapan,ID,2021-07-25 20:15:56,-1.2675,116.8289,75.24,83,35,6.91,scattered clouds
182,Carutapera,BR,2021-07-25 20:12:24,-1.195,-46.02,81.16,73,99,8.19,overcast clouds
183,Chuy,UY,2021-07-25 20:15:57,-33.6971,-53.4616,66.07,85,1,5.59,clear sky
184,Upernavik,GL,2021-07-25 20:15:57,72.7868,-56.1549,41.25,81,12,13.24,few clouds
185,Innisfail,AU,2021-07-25 20:15:57,-17.5333,146.0333,63.21,74,100,4.92,moderate rain
186,Olafsvik,IS,2021-07-25 20:15:57,64.8945,-23.7142,49.75,91,72,17.34,light rain
187,Parati,BR,2021-07-25 20:15:58,-23.2178,-44.7131,85.1,58,0,1.88,clear sky
188,Lavrentiya,RU,2021-07-25 20:15:58,65.5833,-171.0,44.42,99,100,3.76,light rain
189,Saint-Pierre,RE,2021-07-25 20:15:58,-21.3393,55.4781,69.44,68,20,6.91,few clouds
190,Saint-Georges,GD,2021-07-25 20:15:58,12.0564,-61.7485,83.88,84,20,13.8,few clouds
191,Batemans Bay,AU,2021-07-25 20:15:58,-35.7167,150.1833,52.2,62,4,8.28,clear sky
192,Kedrovka,RU,2021-07-25 20:15:59,55.5333,86.05,67.08,88,100,4.41,overcast clouds
193,Catanzaro,IT,2021-07-25 20:15:59,38.8908,16.5987,81.05,62,1,1.52,clear sky
194,Bonthe,SL,2021-07-25 20:15:59,7.5264,-12.505,76.95,80,100,7.25,overcast clouds
195,Smithers,CA,2021-07-25 20:15:59,54.7804,-127.1743,61.12,67,75,4.61,light intensity shower rain
196,Airai,TL,2021-07-25 20:15:59,-8.9266,125.4092,55.85,52,76,3.22,broken clouds
197,Severnyy,RU,2021-07-25 20:16:00,50.677,36.5532,69.84,49,0,4.47,clear sky
198,Caraula,RO,2021-07-25 20:16:00,44.1833,23.25,75.13,47,4,10.13,clear sky
199,Broome,US,2021-07-25 20:16:00,42.2506,-75.833,85.69,65,40,1.99,scattered clouds
200,Lompoc,US,2021-07-25 20:16:00,34.6391,-120.4579,86.77,65,99,7.0,overcast clouds
201,Lakselv,NO,2021-07-25 20:16:00,70.0513,24.9718,51.62,93,75,6.91,fog
202,Galle,LK,2021-07-25 20:16:01,6.0367,80.217,78.39,86,93,13.2,overcast clouds
203,Tiarei,PF,2021-07-25 20:16:01,-17.5333,-149.3333,82.42,68,1,9.06,clear sky
204,Labytnangi,RU,2021-07-25 20:16:01,66.6572,66.4183,48.02,81,100,11.12,overcast clouds
205,Cayenne,GF,2021-07-25 20:16:02,4.9333,-52.3333,78.84,90,0,2.3,moderate rain
206,Miajadas,ES,2021-07-25 20:16:02,39.1513,-5.9084,77.77,53,56,11.25,broken clouds
207,Sioux Lookout,CA,2021-07-25 20:16:02,50.1001,-91.917,79.18,38,75,17.27,smoke
208,Wanning,CN,2021-07-25 20:16:02,18.8003,110.3967,79.14,92,69,8.72,broken clouds
209,Bethel,US,2021-07-25 20:16:03,41.3712,-73.414,82.67,79,75,1.99,broken clouds
210,Puerto Escondido,MX,2021-07-25 20:16:03,15.85,-97.0667,90.43,62,40,10.36,scattered clouds
211,Passo De Camaragibe,BR,2021-07-25 20:16:03,-9.2368,-35.4901,72.95,92,4,8.25,clear sky
212,Polunochnoye,RU,2021-07-25 20:16:03,60.8697,60.4153,50.16,73,91,3.71,overcast clouds
213,Gharo,PK,2021-07-25 20:16:04,24.7424,67.5856,84.42,78,100,18.54,overcast clouds
214,Laguna,US,2021-07-25 20:16:04,38.421,-121.4238,104.25,33,1,3.0,clear sky
215,Malpe,IN,2021-07-25 20:16:04,13.35,74.7167,78.1,91,41,11.9,scattered clouds
216,Husavik,IS,2021-07-25 20:16:04,66.0449,-17.3389,60.71,64,100,6.26,overcast clouds
217,Hasaki,JP,2021-07-25 20:16:04,35.7333,140.8333,75.6,79,10,15.75,clear sky
218,Haysville,US,2021-07-25 20:16:05,37.5645,-97.3523,90.0,65,75,5.75,thunderstorm
219,Soubre,CI,2021-07-25 20:16:05,5.7856,-6.6083,73.78,87,99,2.95,overcast clouds
220,Cervo,ES,2021-07-25 20:16:05,43.6702,-7.4101,65.97,93,64,4.38,broken clouds
221,Saint-Francois,FR,2021-07-25 20:16:05,46.4154,3.9054,68.18,72,0,3.44,clear sky
222,Rezekne,LV,2021-07-25 20:16:05,56.5,27.3167,63.18,61,0,4.03,clear sky
223,Narsaq,GL,2021-07-25 20:16:06,60.9167,-46.05,59.22,53,42,4.36,scattered clouds
224,Vao,NC,2021-07-25 20:16:06,-22.6667,167.4833,71.38,70,54,15.75,broken clouds
225,Varkkallai,IN,2021-07-25 20:16:06,8.7341,76.7067,78.58,93,86,14.74,overcast clouds
226,Livingstone,ZM,2021-07-25 20:16:06,-17.8419,25.8543,52.52,56,0,2.57,clear sky
227,Tsiroanomandidy,MG,2021-07-25 20:16:06,-18.7667,46.0333,63.16,58,100,3.71,overcast clouds
228,Tekirdag,TR,2021-07-25 20:16:07,40.978,27.5085,69.15,76,0,10.02,clear sky
229,Sechura,PE,2021-07-25 20:16:07,-5.5569,-80.8222,76.01,62,28,15.19,scattered clouds
230,Pevek,RU,2021-07-25 20:13:01,69.7008,170.3133,34.88,91,100,8.63,overcast clouds
231,Amahai,ID,2021-07-25 20:16:08,-3.3333,128.9167,76.03,87,99,3.6,overcast clouds
232,Ladyzhyn,UA,2021-07-25 20:16:08,48.685,29.2368,65.14,53,69,5.75,broken clouds
233,Ekpoma,NG,2021-07-25 20:16:08,6.7421,6.139,68.79,94,45,4.61,scattered clouds
234,Leh,IN,2021-07-25 20:16:08,34.1667,77.5833,72.48,42,98,7.0,overcast clouds
235,Ahuimanu,US,2021-07-25 20:16:09,21.4447,-157.8378,87.51,71,75,13.8,light rain
236,Port Macquarie,AU,2021-07-25 20:16:09,-31.4333,152.9167,51.76,63,0,6.53,clear sky
237,Nabire,ID,2021-07-25 20:16:09,-3.3667,135.4833,75.88,87,100,3.51,overcast clouds
238,Stornoway,GB,2021-07-25 20:16:09,58.2093,-6.3865,57.92,94,90,10.36,overcast clouds
239,Dudinka,RU,2021-07-25 20:16:09,69.4058,86.1778,53.96,90,100,3.69,overcast clouds
240,Gundlupet,IN,2021-07-25 20:16:10,11.8,76.6833,70.18,85,95,9.98,overcast clouds
241,Aykhal,RU,2021-07-25 20:16:10,66.0,111.5,68.14,63,7,8.63,clear sky
242,Presidencia Roque Saenz Pena,AR,2021-07-25 20:16:10,-26.7852,-60.4388,89.69,31,100,5.97,overcast clouds
243,Juneau,US,2021-07-25 20:16:11,58.3019,-134.4197,60.84,86,75,5.75,light rain
244,Fort Frances,CA,2021-07-25 20:16:11,48.5999,-93.4003,85.15,29,1,1.01,clear sky
245,Dundee,GB,2021-07-25 20:12:04,56.5,-2.9667,64.8,85,20,3.44,few clouds
246,Gushikawa,JP,2021-07-25 20:16:11,26.3544,127.8686,80.19,89,90,6.91,overcast clouds
247,Haines Junction,CA,2021-07-25 20:16:11,60.7522,-137.5108,58.95,55,98,3.44,overcast clouds
248,Prieska,ZA,2021-07-25 20:16:12,-29.6641,22.7474,47.95,28,100,4.54,overcast clouds
249,Puerto Del Rosario,ES,2021-07-25 20:12:00,28.5004,-13.8627,76.75,61,0,14.97,clear sky
250,Te Anau,NZ,2021-07-25 20:16:12,-45.4167,167.7167,44.53,98,100,1.57,light rain
251,Cabra,ES,2021-07-25 20:16:12,37.4725,-4.4421,86.4,47,15,1.99,few clouds
252,Longyearbyen,SJ,2021-07-25 20:16:12,78.2186,15.6401,44.44,87,75,11.5,broken clouds
253,Berbera,SO,2021-07-25 20:16:12,10.4396,45.0143,89.46,37,100,26.46,overcast clouds
254,Guerrero Negro,MX,2021-07-25 20:16:13,27.9769,-114.0611,78.66,56,85,11.68,overcast clouds
255,Rayagada,IN,2021-07-25 20:16:13,19.1667,83.4167,79.25,80,100,3.67,overcast clouds
256,Maseru,LS,2021-07-25 20:13:19,-29.3167,27.4833,36.21,38,0,2.71,clear sky
257,Vila Franca Do Campo,PT,2021-07-25 20:16:13,37.7167,-25.4333,72.01,83,44,7.27,scattered clouds
258,Gueret,FR,2021-07-25 20:16:13,46.1667,1.8667,62.24,97,100,5.08,overcast clouds
259,Londoko,RU,2021-07-25 20:16:14,49.0333,131.9833,67.98,99,100,3.49,light rain
260,Tulun,RU,2021-07-25 20:16:15,54.5611,100.5792,58.84,73,38,1.05,scattered clouds
261,Uarini,BR,2021-07-25 20:16:15,-2.99,-65.1083,87.75,58,100,1.45,overcast clouds
262,Siva,EG,2021-07-25 20:16:15,29.2041,25.5195,85.06,35,0,12.8,clear sky
263,Hofn,IS,2021-07-25 20:16:15,64.2539,-15.2082,52.02,94,100,19.93,overcast clouds
264,North Bend,US,2021-07-25 20:16:15,43.4065,-124.2243,73.92,81,75,24.16,fog
265,Linjiang,CN,2021-07-25 20:16:16,41.8069,126.9078,69.44,94,97,1.5,overcast clouds
266,Sohag,EG,2021-07-25 20:16:16,26.557,31.6948,88.09,24,0,6.58,clear sky
267,Naze,JP,2021-07-25 20:14:00,28.3667,129.4833,77.86,88,100,16.15,light rain
268,Bismarck,US,2021-07-25 20:16:17,46.8083,-100.7837,95.86,23,1,1.99,clear sky
269,Chara,RU,2021-07-25 20:16:17,56.9064,118.2631,54.91,73,61,5.21,broken clouds
270,Pisco,PE,2021-07-25 20:15:48,-13.7,-76.2167,66.25,72,0,9.22,clear sky
271,Broken Hill,AU,2021-07-25 20:16:17,-31.95,141.4333,46.96,81,3,11.36,clear sky
272,Half Moon Bay,US,2021-07-25 20:16:18,37.4636,-122.4286,92.12,64,40,1.99,scattered clouds
273,Lokosovo,RU,2021-07-25 20:16:18,61.1333,74.8167,55.85,98,100,10.74,light rain
274,Luderitz,NA,2021-07-25 20:16:18,-26.6481,15.1594,67.35,23,100,4.76,overcast clouds
275,Bambous Virieux,MU,2021-07-25 20:16:18,-20.3428,57.7575,70.05,64,20,11.5,few clouds
276,Cam Ranh,VN,2021-07-25 20:13:25,11.9214,109.1591,82.36,69,20,6.91,few clouds
277,Severo-Kurilsk,RU,2021-07-25 20:16:19,50.6789,156.125,55.06,97,86,3.8,overcast clouds
278,Avarua,CK,2021-07-25 20:16:19,-21.2078,-159.775,75.25,88,40,4.61,scattered clouds
279,Morondava,MG,2021-07-25 20:16:19,-20.2833,44.2833,70.95,55,33,16.37,scattered clouds
280,Imuris,MX,2021-07-25 20:16:19,30.7833,-110.8667,80.24,56,100,1.12,overcast clouds
281,Port Hedland,AU,2021-07-25 20:16:20,-20.3167,118.5667,59.05,82,95,5.75,overcast clouds
282,Pochutla,MX,2021-07-25 20:16:20,15.7432,-96.4661,91.81,53,94,7.47,overcast clouds
283,Caravelas,BR,2021-07-25 20:16:20,-17.7125,-39.2481,71.06,71,29,7.83,scattered clouds
284,Lovozero,RU,2021-07-25 20:16:20,68.005,35.0117,47.57,71,100,9.48,overcast clouds
285,Arkhangelsk,RU,2021-07-25 20:16:20,64.5401,40.5433,46.51,93,20,0.0,few clouds
286,Igrim,RU,2021-07-25 20:16:21,63.1906,64.4162,46.08,83,1,5.06,clear sky
287,Bengkulu,ID,2021-07-25 20:16:21,-3.8004,102.2655,74.48,86,2,5.41,clear sky
288,Santiago Del Estero,AR,2021-07-25 20:16:21,-27.7951,-64.2615,68.81,25,12,9.28,few clouds
289,Codrington,AU,2021-07-25 20:16:21,-38.2667,141.9667,50.04,94,73,14.32,broken clouds
290,Shingu,JP,2021-07-25 20:16:21,33.7333,135.9833,73.9,80,0,4.85,clear sky
291,Souillac,MU,2021-07-25 20:16:22,-20.5167,57.5167,70.18,64,20,11.5,few clouds
292,Tabuk,PH,2021-07-25 20:16:22,17.4189,121.4443,77.79,77,100,2.57,overcast clouds
293,Clyde River,CA,2021-07-25 20:16:22,70.4692,-68.5914,35.83,100,90,9.22,light rain
294,Superior,US,2021-07-25 20:16:22,46.7208,-92.1041,89.71,27,1,16.11,clear sky
295,Acapulco,MX,2021-07-25 20:16:22,16.8634,-99.8901,87.62,74,40,10.36,scattered clouds
296,Yatou,CN,2021-07-25 20:16:23,37.15,122.3833,75.79,89,79,5.57,broken clouds
297,Beausejour,CA,2021-07-25 20:16:23,50.0622,-96.5167,86.77,22,32,17.0,scattered clouds
298,Vysotskoye,RU,2021-07-25 20:16:23,45.025,42.9064,72.77,43,99,9.53,overcast clouds
299,Guaruja,BR,2021-07-25 20:16:23,-23.9931,-46.2564,87.4,47,0,1.99,clear sky
300,Jaisalmer,IN,2021-07-25 20:16:23,26.9147,70.9181,89.98,59,100,23.62,heavy intensity rain
301,Butte,US,2021-07-25 20:16:24,39.6499,-121.5677,102.18,25,1,3.44,clear sky
302,Gazli,UZ,2021-07-25 20:16:24,40.1333,63.45,96.15,14,0,15.05,clear sky
303,Trairi,BR,2021-07-25 20:16:24,-3.2778,-39.2689,80.28,68,17,12.71,few clouds
304,Tyubuk,RU,2021-07-25 20:11:57,56.0552,60.9405,48.43,65,4,7.07,clear sky
305,Hovd,MN,2021-07-25 20:16:25,48.0056,91.6419,65.61,58,45,3.53,scattered clouds
306,Darnah,LY,2021-07-25 20:16:25,32.767,22.6367,78.55,70,0,23.47,clear sky
307,Roma,US,2021-07-25 20:16:25,43.2128,-75.4557,84.94,61,20,1.99,few clouds
308,Pleasant Point,NZ,2021-07-25 20:16:25,-44.2667,171.1333,45.28,85,100,1.81,overcast clouds
309,Abay,KZ,2021-07-25 20:16:25,49.6311,72.8539,70.18,79,57,5.99,broken clouds
310,Energetik,RU,2021-07-25 20:16:25,51.7445,58.7934,61.0,72,0,6.53,clear sky
311,Catalao,BR,2021-07-25 20:16:26,-18.1658,-47.9464,77.38,27,0,7.87,clear sky
312,Tautira,PF,2021-07-25 20:16:26,-17.7333,-149.15,82.42,69,0,10.42,clear sky
313,Sudak,UA,2021-07-25 20:13:32,44.85,34.9667,73.83,65,56,9.69,broken clouds
314,Amboasary,MG,2021-07-25 20:16:26,-25.0333,46.3833,64.24,69,11,9.53,few clouds
315,Shibetsu,JP,2021-07-25 20:11:47,43.659,145.132,62.65,98,31,4.68,scattered clouds
316,Norman Wells,CA,2021-07-25 20:16:27,65.282,-126.8329,69.84,43,40,3.44,scattered clouds
317,Coihaique,CL,2021-07-25 20:16:27,-45.5752,-72.0662,42.75,52,40,8.05,scattered clouds
318,Viedma,AR,2021-07-25 20:14:00,-40.8135,-62.9967,53.53,33,4,13.8,clear sky
319,Cururupu,BR,2021-07-25 20:16:27,-1.8283,-44.8683,83.26,66,71,3.96,broken clouds
320,Natal,BR,2021-07-25 20:12:21,-5.795,-35.2094,79.45,69,40,9.22,scattered clouds
321,Talipparamba,IN,2021-07-25 20:16:28,12.05,75.35,75.76,92,95,5.66,light rain
322,Iqaluit,CA,2021-07-25 20:16:28,63.7506,-68.5145,51.53,87,75,5.99,broken clouds
323,Conselheiro Pena,BR,2021-07-25 20:16:28,-19.1722,-41.4722,73.02,58,27,4.76,scattered clouds
324,Shubarkuduk,KZ,2021-07-25 20:16:28,49.1447,56.4872,72.28,44,0,7.36,clear sky
325,Pemangkat,ID,2021-07-25 20:16:29,1.1667,108.9667,80.26,84,45,8.34,scattered clouds
326,Saint Anthony,US,2021-07-25 20:16:29,45.0205,-93.218,93.29,26,1,3.0,clear sky
327,Ketchikan,US,2021-07-25 20:16:29,55.3422,-131.6461,61.27,72,90,6.91,light rain
328,Fairbanks,US,2021-07-25 20:16:29,64.8378,-147.7164,66.09,58,75,1.01,broken clouds
329,Yar-Sale,RU,2021-07-25 20:16:29,66.8333,70.8333,45.52,84,51,9.1,broken clouds
330,Shelburne,CA,2021-07-25 20:16:30,44.0787,-80.2041,83.86,32,0,15.41,clear sky
331,Torbay,CA,2021-07-25 20:16:30,47.6666,-52.7314,62.76,86,75,10.36,broken clouds
332,Hobyo,SO,2021-07-25 20:16:30,5.3505,48.5268,76.66,75,29,24.96,scattered clouds
333,Sao Felix Do Xingu,BR,2021-07-25 20:16:30,-6.6447,-51.995,94.64,23,77,4.63,broken clouds
334,Mahibadhoo,MV,2021-07-25 20:12:59,3.7833,72.9667,82.02,79,100,19.04,moderate rain
335,Barcelos,PT,2021-07-25 20:12:07,41.5388,-8.6151,71.28,90,35,5.12,scattered clouds
336,Manakara,MG,2021-07-25 20:16:31,-22.1333,48.0167,63.68,79,100,7.76,overcast clouds
337,Keti Bandar,PK,2021-07-25 20:16:31,24.1447,67.4497,82.98,81,100,18.7,overcast clouds
338,Luena,AO,2021-07-25 20:16:31,-11.7833,19.9167,56.34,47,0,5.86,clear sky
339,Vestmanna,FO,2021-07-25 20:16:31,62.1564,-7.1664,50.92,100,90,5.75,mist
340,Vila Velha,BR,2021-07-25 20:16:31,-20.3297,-40.2925,73.35,64,40,9.22,scattered clouds
341,Faanui,PF,2021-07-25 20:16:32,-16.4833,-151.75,78.01,66,0,12.86,clear sky
342,Tiznit,MA,2021-07-25 20:16:32,29.5833,-9.5,80.24,36,0,4.09,clear sky
343,Nicoya,CR,2021-07-25 20:16:32,10.1483,-85.452,83.75,77,100,3.96,overcast clouds
344,San Cristobal,VE,2021-07-25 20:14:39,7.7669,-72.225,80.78,52,100,4.43,overcast clouds
345,Ambon,ID,2021-07-25 20:16:32,-3.6954,128.1814,77.14,94,40,0.0,scattered clouds
346,Xining,CN,2021-07-25 20:16:32,36.6167,101.7667,56.01,88,100,3.31,overcast clouds
347,Komsomolskiy,UZ,2021-07-25 20:16:33,40.4272,71.7189,81.32,34,0,4.61,clear sky
348,Policoro,IT,2021-07-25 20:16:33,40.2115,16.6726,83.57,85,20,1.01,few clouds
349,Redmond,US,2021-07-25 20:16:33,47.674,-122.1215,86.34,50,14,1.01,few clouds
350,Isiro,CD,2021-07-25 20:12:12,2.7739,27.616,68.74,90,100,1.43,light rain
351,Salalah,OM,2021-07-25 20:15:17,17.0151,54.0924,78.89,89,75,8.05,broken clouds
352,Coahuayana,MX,2021-07-25 20:16:34,18.7333,-103.6833,90.88,64,72,6.02,broken clouds
353,Erenhot,CN,2021-07-25 20:16:34,43.6475,111.9767,63.25,72,100,21.32,overcast clouds
354,Mpika,ZM,2021-07-25 20:16:34,-11.8343,31.4529,48.31,79,0,10.54,clear sky
355,Yagodnoye,RU,2021-07-25 20:16:34,62.55,149.6667,54.84,99,100,2.46,moderate rain
356,Lappeenranta,FI,2021-07-25 20:15:47,61.0587,28.1887,68.05,55,0,4.61,clear sky
357,Kavieng,PG,2021-07-25 20:16:34,-2.5744,150.7967,81.0,76,93,3.51,light rain
358,Nilanga,IN,2021-07-25 20:16:35,18.1,76.7667,73.26,88,20,17.22,few clouds
359,Tupik,RU,2021-07-25 20:16:35,54.4253,119.9327,56.48,95,100,5.61,light rain
360,Rio Muerto,MX,2021-07-25 20:16:35,27.4167,-110.2333,97.32,34,10,11.5,clear sky
361,Yashkul,RU,2021-07-25 20:16:35,46.1711,45.3435,82.96,28,1,7.94,clear sky
362,Viransehir,TR,2021-07-25 20:16:36,37.2353,39.7631,89.46,22,0,8.25,clear sky
363,Quelimane,MZ,2021-07-25 20:16:36,-17.8786,36.8883,64.35,88,75,8.05,light rain
364,Moussoro,TD,2021-07-25 20:16:36,13.6408,16.4901,76.98,71,100,7.85,overcast clouds
365,Shakhunya,RU,2021-07-25 20:16:36,57.6758,46.6114,56.25,59,94,2.24,overcast clouds
366,Tabor,CZ,2021-07-25 20:12:23,49.4144,14.6578,69.69,92,100,4.21,heavy intensity rain
367,Carson City,US,2021-07-25 20:16:36,39.1638,-119.7674,97.74,19,1,1.01,haze
368,Arlit,NE,2021-07-25 20:16:37,18.7369,7.3853,102.31,13,50,4.52,scattered clouds
369,Lagoa,PT,2021-07-25 20:16:37,39.05,-27.9833,70.23,77,100,12.28,overcast clouds
370,Kashi,CN,2021-07-25 20:16:37,39.4547,75.9797,90.23,26,0,11.18,clear sky
371,Den Helder,NL,2021-07-25 20:16:37,52.9599,4.7593,67.98,83,75,2.3,broken clouds
372,Belaya Gora,RU,2021-07-25 20:16:38,68.5333,146.4167,48.31,57,8,12.33,clear sky
373,Mitsamiouli,KM,2021-07-25 20:16:38,-11.3847,43.2844,76.23,64,99,12.33,overcast clouds
374,San Patricio,US,2021-07-25 20:16:38,28.017,-97.5169,95.72,42,0,13.87,clear sky
375,Saurimo,AO,2021-07-25 20:16:38,-9.6608,20.3916,64.51,40,1,5.7,clear sky
376,Poum,NC,2021-07-25 20:16:39,-20.2333,164.0167,72.32,78,1,17.25,clear sky
377,Lakes Entrance,AU,2021-07-25 20:16:39,-37.8811,147.981,48.18,60,100,13.53,light rain
378,Leshukonskoye,RU,2021-07-25 20:16:39,64.8989,45.7622,47.48,79,98,4.36,overcast clouds
379,Manggar,ID,2021-07-25 20:16:39,-2.8833,108.2667,81.03,73,3,14.2,clear sky
380,Sur,OM,2021-07-25 20:16:40,22.5667,59.5289,93.49,52,55,12.82,broken clouds
381,Meulaboh,ID,2021-07-25 20:16:40,4.1363,96.1285,76.95,87,97,3.76,overcast clouds
382,Margate,GB,2021-07-25 20:16:40,51.3813,1.3862,66.04,88,45,1.01,scattered clouds
383,Nemuro,JP,2021-07-25 20:16:41,43.3236,145.575,61.74,92,0,4.88,clear sky
384,Zhanaozen,KZ,2021-07-25 20:16:41,43.3,52.8,85.6,27,0,19.06,clear sky
385,Omboue,GA,2021-07-25 20:16:41,-1.5746,9.2618,73.56,81,97,6.62,overcast clouds
386,Sao Filipe,CV,2021-07-25 20:16:41,14.8961,-24.4956,74.35,75,77,9.51,broken clouds
387,Beipiao,CN,2021-07-25 20:16:42,41.7919,120.7792,68.97,89,68,5.32,broken clouds
388,Chapais,CA,2021-07-25 20:16:42,49.7834,-74.8492,65.98,50,91,8.93,overcast clouds
389,Pangnirtung,CA,2021-07-25 20:16:42,66.1451,-65.7125,46.4,100,90,10.36,overcast clouds
390,Khani,GE,2021-07-25 20:16:42,41.9563,42.9566,62.17,98,73,1.57,broken clouds
391,Petatlan,MX,2021-07-25 20:16:43,17.5167,-101.2667,91.2,64,100,7.56,overcast clouds
392,Bay Roberts,CA,2021-07-25 20:16:43,47.5999,-53.2648,63.52,82,93,3.0,overcast clouds
393,Kirs,RU,2021-07-25 20:16:43,59.3388,52.2447,47.98,84,31,5.37,scattered clouds
394,Karabulak,RU,2021-07-25 20:16:43,43.3036,44.8964,72.16,70,29,4.79,scattered clouds
395,Oktyabrskoye,RU,2021-07-25 20:16:44,43.0645,44.7417,68.14,94,11,4.47,few clouds
396,Jurado,CO,2021-07-25 20:16:44,7.1053,-77.7641,76.48,90,100,3.36,light rain
397,Berlevag,NO,2021-07-25 20:16:45,70.8578,29.0864,46.4,87,75,19.57,light intensity drizzle
398,Yenagoa,NG,2021-07-25 20:16:45,4.9247,6.2642,74.88,79,42,5.14,scattered clouds
399,Opuwo,NA,2021-07-25 20:16:45,-18.0607,13.84,63.45,31,4,7.58,clear sky
400,Mehamn,NO,2021-07-25 20:16:45,71.0357,27.8492,46.58,81,75,11.5,broken clouds
401,Ancud,CL,2021-07-25 20:16:45,-41.8697,-73.8203,47.73,60,33,10.54,scattered clouds
402,Oshnaviyeh,IR,2021-07-25 20:16:46,37.0397,45.0983,73.65,32,0,4.03,clear sky
403,Saint-Augustin,CA,2021-07-25 20:16:46,51.226,-58.6502,72.68,54,9,20.92,clear sky
404,Port Augusta,AU,2021-07-25 20:16:46,-32.5,137.7667,50.7,77,0,9.62,clear sky
405,Fort Nelson,CA,2021-07-25 20:16:46,58.8053,-122.7002,72.99,33,75,11.5,broken clouds
406,Manado,ID,2021-07-25 20:16:46,1.487,124.8455,81.37,65,40,5.75,scattered clouds
407,Kaisiadorys,LT,2021-07-25 20:16:47,54.8667,24.45,72.95,71,97,4.7,overcast clouds
408,Pundaguitan,PH,2021-07-25 20:16:47,6.3711,126.1689,83.71,75,66,14.7,broken clouds
409,Samana,DO,2021-07-25 20:16:47,19.2056,-69.3369,84.16,78,75,6.91,broken clouds
410,Harindanga,IN,2021-07-25 20:16:47,22.0383,88.3214,84.18,81,100,6.53,overcast clouds
411,Ostrovnoy,RU,2021-07-25 20:16:47,68.0531,39.5131,45.79,90,100,16.26,overcast clouds
412,Maku,IR,2021-07-25 20:16:47,39.2911,44.4521,76.84,50,10,3.15,clear sky
413,Dekar,BW,2021-07-25 20:16:48,-21.5333,21.9333,49.62,53,0,8.48,clear sky
414,Kloulklubed,PW,2021-07-25 20:16:48,7.0419,134.2556,83.89,74,100,17.63,overcast clouds
415,Ozinki,RU,2021-07-25 20:16:48,51.1786,49.6769,63.19,38,15,6.44,few clouds
416,Plomarion,GR,2021-07-25 20:16:48,38.9767,26.3681,76.96,57,0,16.53,clear sky
417,Axim,GH,2021-07-25 20:16:49,4.8699,-2.2405,75.99,77,62,7.72,broken clouds
418,Bandarbeyla,SO,2021-07-25 20:16:49,9.4942,50.8122,76.3,79,0,26.19,clear sky
419,Luebo,CD,2021-07-25 20:16:50,-5.35,21.4167,74.89,35,36,2.24,scattered clouds
420,Suileng,CN,2021-07-25 20:16:50,47.25,127.0833,70.3,99,100,7.38,light rain
421,Gazanjyk,TM,2021-07-25 20:16:50,39.2446,55.5154,84.11,66,2,14.88,clear sky
422,Kalangala,UG,2021-07-25 20:16:50,-0.3089,32.225,74.12,61,83,13.58,broken clouds
423,Narimanov,RU,2021-07-25 20:16:51,46.6927,47.8498,76.95,33,0,3.49,clear sky
424,Sovetskiy,RU,2021-07-25 20:16:51,61.3614,63.5842,52.47,67,100,5.28,overcast clouds
425,Lukovetskiy,RU,2021-07-25 20:16:51,64.2956,41.9211,46.38,89,25,3.13,scattered clouds
426,Humaita,BR,2021-07-25 20:16:51,-7.5061,-63.0208,98.87,23,67,2.24,broken clouds
427,Aasiaat,GL,2021-07-25 20:16:52,68.7098,-52.8699,40.06,76,100,12.08,overcast clouds
428,Alamogordo,US,2021-07-25 20:16:52,32.8995,-105.9603,89.6,51,1,7.0,clear sky
429,Fortuna,US,2021-07-25 20:16:52,40.5982,-124.1573,93.18,76,100,7.25,overcast clouds
430,Lebanon,US,2021-07-25 20:16:08,36.2081,-86.2911,96.85,57,40,4.61,scattered clouds
431,Hailar,CN,2021-07-25 20:16:52,49.2,119.7,57.31,89,100,3.85,overcast clouds
432,Chiang Mai,TH,2021-07-25 20:16:53,18.75,99.0,78.87,83,75,2.3,broken clouds
433,Crotone,IT,2021-07-25 20:15:19,39.0851,17.1178,75.92,71,0,11.18,clear sky
434,Thunder Bay,CA,2021-07-25 20:16:53,48.4001,-89.3168,87.78,27,75,11.5,broken clouds
435,Thinadhoo,MV,2021-07-25 20:12:59,0.5333,72.9333,81.84,70,65,2.01,light rain
436,Kurilsk,RU,2021-07-25 20:16:53,45.2333,147.8833,62.13,86,3,6.71,clear sky
437,Fez,MA,2021-07-25 20:16:54,34.0372,-4.9998,79.05,36,0,12.66,clear sky
438,Shimanovsk,RU,2021-07-25 20:16:54,52.0,127.7,61.43,85,14,2.37,few clouds
439,Morong,PH,2021-07-25 20:16:54,14.5115,121.2393,82.15,52,100,20.94,overcast clouds
440,Faya,SA,2021-07-25 20:16:55,18.3851,42.4509,66.31,78,100,4.76,overcast clouds
441,Zhob,PK,2021-07-25 20:16:55,31.3411,69.4481,87.26,42,0,4.03,clear sky
442,San Quintin,MX,2021-07-25 20:16:55,30.4833,-115.95,68.38,84,100,9.06,overcast clouds
443,Laviana,ES,2021-07-25 20:16:55,43.2333,-5.5333,63.91,96,98,2.13,overcast clouds
444,Bukama,CD,2021-07-25 20:16:55,-9.2,25.85,70.21,36,20,5.32,few clouds
445,Kisanga,TZ,2021-07-25 20:16:56,-7.4362,37.7034,68.09,50,0,4.72,clear sky
446,Witu,KE,2021-07-25 20:16:56,-2.3889,40.4382,74.59,75,7,17.94,clear sky
447,Sinnamary,GF,2021-07-25 20:16:56,5.3833,-52.95,81.19,77,63,6.02,broken clouds
448,Nikolayevsk-Na-Amure,RU,2021-07-25 20:16:56,53.1406,140.73,72.86,82,99,3.62,overcast clouds
449,Bonavista,CA,2021-07-25 20:16:57,48.6499,-53.1147,62.6,84,23,12.08,few clouds
450,Klaksvik,FO,2021-07-25 20:16:57,62.2266,-6.589,52.72,94,100,10.04,overcast clouds
451,Las Varas,MX,2021-07-25 20:16:57,21.1667,-105.1667,98.08,62,10,8.99,clear sky
452,Demirci,TR,2021-07-25 20:16:57,39.0461,28.6589,65.08,66,5,6.51,clear sky
453,Kununurra,AU,2021-07-25 20:16:57,-15.7667,128.7333,58.98,82,99,3.44,overcast clouds
454,Rabo De Peixe,PT,2021-07-25 20:16:58,37.8,-25.5833,71.11,78,40,6.91,scattered clouds
455,Oriximina,BR,2021-07-25 20:16:58,-1.7656,-55.8661,91.62,38,100,6.62,overcast clouds
456,Aleksandrovka,UA,2021-07-25 20:16:59,46.8383,32.7612,75.15,100,12,6.78,few clouds
457,Palmer,US,2021-07-25 20:16:59,42.1584,-72.3287,77.47,78,100,7.25,overcast clouds
458,Chunoyar,RU,2021-07-25 20:16:59,57.4467,97.3217,64.08,70,66,3.29,broken clouds
459,Hualmay,PE,2021-07-25 20:16:59,-11.0964,-77.6139,67.44,73,21,9.26,few clouds
460,Kimbe,PG,2021-07-25 20:16:59,-5.5502,150.1429,75.02,91,83,2.3,broken clouds
461,Gudur,IN,2021-07-25 20:17:00,14.1333,79.85,86.72,56,45,8.77,scattered clouds
462,Dickinson,US,2021-07-25 20:17:00,29.4608,-95.0513,99.18,60,40,1.99,scattered clouds
463,Bongor,TD,2021-07-25 20:17:00,10.2806,15.3722,74.43,90,100,3.09,light rain
464,Kichera,RU,2021-07-25 20:17:00,55.9375,110.0997,62.28,61,88,4.0,overcast clouds
465,Chumikan,RU,2021-07-25 20:17:00,54.7183,135.315,63.05,89,10,12.71,clear sky
466,Santo Antonio Do Monte,BR,2021-07-25 20:17:01,-20.0872,-45.2936,71.91,28,0,4.97,clear sky
467,Cienfuegos,CU,2021-07-25 20:17:01,22.1461,-80.4356,86.81,62,79,10.38,broken clouds
468,Torbat-E Jam,IR,2021-07-25 20:17:01,35.244,60.6225,86.45,16,0,16.49,clear sky
469,Senanga,ZM,2021-07-25 20:17:01,-16.1167,23.2667,57.97,49,2,8.3,clear sky
470,Ylivieska,FI,2021-07-25 20:17:02,64.0833,24.55,64.31,81,8,3.89,clear sky
471,Douglas,US,2021-07-25 20:13:38,41.3,-96.167,88.25,57,1,3.0,clear sky
472,Saint-Joseph,RE,2021-07-25 20:17:02,-21.3667,55.6167,68.36,76,27,12.15,scattered clouds
473,Huarmey,PE,2021-07-25 20:17:02,-10.0681,-78.1522,68.94,73,14,7.05,few clouds
474,Cairns,AU,2021-07-25 20:17:02,-16.9167,145.7667,64.35,77,100,10.36,light rain
475,Takaungu,KE,2021-07-25 20:17:03,-3.6837,39.8566,74.48,77,6,18.92,clear sky
476,Quirinopolis,BR,2021-07-25 20:17:03,-18.4483,-50.4517,83.79,21,0,6.35,clear sky
477,Kahului,US,2021-07-25 20:17:03,20.8947,-156.47,84.22,83,40,20.71,scattered clouds
478,Richards Bay,ZA,2021-07-25 20:17:03,-28.783,32.0377,57.54,83,0,6.87,clear sky
479,Udachnyy,RU,2021-07-25 20:17:03,66.4167,112.4,69.94,57,21,9.01,few clouds
480,Tres Arroyos,AR,2021-07-25 20:17:04,-38.3739,-60.2798,52.25,62,65,13.0,broken clouds
481,Iquitos,PE,2021-07-25 20:17:04,-3.7481,-73.2472,75.24,88,75,8.05,thunderstorm with light rain
482,Cockburn Town,TC,2021-07-25 20:17:04,21.4612,-71.1419,82.8,80,15,8.97,few clouds
483,Sao Joao Da Barra,BR,2021-07-25 20:17:04,-21.6403,-41.0511,75.29,68,0,15.48,clear sky
484,Rosario,AR,2021-07-25 20:12:53,-32.9468,-60.6393,66.94,56,0,1.99,clear sky
485,Canberra,AU,2021-07-25 20:17:04,-35.2835,149.1281,46.27,91,90,7.0,overcast clouds
486,Brae,GB,2021-07-25 20:13:26,60.3964,-1.353,57.11,81,5,4.0,clear sky
487,Mandera,KE,2021-07-25 20:17:05,3.9366,41.867,80.24,40,100,25.1,overcast clouds
488,Vryheid,ZA,2021-07-25 20:17:05,-27.7695,30.7917,40.86,88,0,4.38,clear sky
489,Kodino,RU,2021-07-25 20:17:05,63.7198,39.6447,51.31,92,55,2.24,broken clouds
490,Algiers,DZ,2021-07-25 20:16:01,36.7525,3.042,78.62,50,40,4.61,thunderstorm
491,Lokoja,NG,2021-07-25 20:17:05,7.8024,6.743,73.63,93,80,4.12,light rain
492,Abrau-Dyurso,RU,2021-07-25 20:17:06,44.69,37.59,74.66,57,0,10.31,clear sky
493,Ocampo,MX,2021-07-25 20:17:06,21.65,-101.5,76.28,32,1,8.43,clear sky
494,Touros,BR,2021-07-25 20:17:06,-5.1989,-35.4608,79.7,73,7,14.94,clear sky
495,Melito Di Porto Salvo,IT,2021-07-25 20:17:06,37.9222,15.7714,86.32,69,0,5.75,clear sky
496,Vargashi,RU,2021-07-25 20:17:07,55.3556,65.8467,50.68,72,0,7.56,clear sky
497,Deputatskiy,RU,2021-07-25 20:17:07,69.3,139.9,46.22,71,5,3.04,clear sky
498,Ligayan,PH,2021-07-25 20:17:07,4.6533,119.4706,83.07,78,99,8.77,overcast clouds
499,Mogadishu,SO,2021-07-25 20:17:07,2.0371,45.3438,76.55,77,91,20.45,light rain
500,Shache,CN,2021-07-25 20:17:07,38.4167,77.2406,85.86,25,0,4.14,clear sky
501,Ponta Delgada,PT,2021-07-25 20:17:08,37.7333,-25.6667,72.32,78,40,6.91,scattered clouds
502,Amapa,BR,2021-07-25 20:17:08,1.0,-52.0,81.27,83,98,2.19,overcast clouds
503,Keetmanshoop,NA,2021-07-25 20:17:08,-26.5833,18.1333,56.32,30,94,10.36,overcast clouds
504,Taybad,IR,2021-07-25 20:17:08,34.74,60.7756,89.62,13,0,25.21,clear sky
505,Ashland,US,2021-07-25 20:17:08,40.8167,-82.2665,88.34,58,41,6.02,scattered clouds
506,Sorland,NO,2021-07-25 20:17:09,67.667,12.6934,51.87,84,98,6.38,overcast clouds
507,Asfi,MA,2021-07-25 20:17:09,32.2994,-9.2372,70.32,80,0,18.23,clear sky
508,Rebrikha,RU,2021-07-25 20:17:09,53.0733,82.3408,66.29,61,91,2.17,overcast clouds
509,Batagay,RU,2021-07-25 20:17:09,67.6333,134.6333,58.41,67,24,2.35,few clouds
510,Bundaberg,AU,2021-07-25 20:13:44,-24.85,152.35,50.22,62,13,1.01,few clouds
511,Tura,IN,2021-07-25 20:17:10,25.5198,90.2201,75.56,95,100,5.1,overcast clouds
512,Pastavy,BY,2021-07-25 20:17:10,55.1168,26.8326,64.33,58,5,4.16,clear sky
513,Alenquer,BR,2021-07-25 20:17:10,-1.9417,-54.7383,88.14,36,58,5.37,broken clouds
514,Arica,CL,2021-07-25 20:14:22,-18.475,-70.3042,62.83,72,90,10.36,overcast clouds
515,Pinheiral,BR,2021-07-25 20:17:11,-22.5128,-44.0006,78.13,34,0,7.96,clear sky
516,Batagay-Alyta,RU,2021-07-25 20:17:11,67.8006,130.4114,58.24,66,74,1.68,broken clouds
517,Krasnogorsk,RU,2021-07-25 20:17:12,55.8225,37.3181,66.96,67,0,4.47,clear sky
518,Khandyga,RU,2021-07-25 20:17:12,62.6667,135.6,56.57,94,63,2.66,broken clouds
519,Ruteng,ID,2021-07-25 20:17:12,-8.6136,120.4721,56.25,52,30,1.14,scattered clouds
520,Mahon,ES,2021-07-25 20:17:12,39.8885,4.2658,75.76,73,0,11.5,clear sky
521,Ust-Omchug,RU,2021-07-25 20:17:12,61.15,149.6333,53.15,98,100,6.02,light rain
522,Metlaltoyuca,MX,2021-07-25 20:17:13,20.7333,-97.85,89.33,57,59,7.76,broken clouds
523,Cabo San Lucas,MX,2021-07-25 20:17:13,22.8909,-109.9124,98.51,55,1,9.22,clear sky
524,Nisia Floresta,BR,2021-07-25 20:17:13,-6.0911,-35.2086,80.98,71,9,11.79,clear sky
525,Socorro,US,2021-07-25 20:17:13,31.6546,-106.3033,89.17,37,75,0.0,broken clouds
526,Bac Lieu,VN,2021-07-25 20:17:13,9.285,105.7244,78.64,86,98,7.34,overcast clouds
527,Tra Vinh,VN,2021-07-25 20:17:14,9.9347,106.3453,75.99,91,98,5.06,overcast clouds
528,Suzhou,CN,2021-07-25 20:17:14,31.3114,120.6181,78.67,95,100,23.64,light rain
529,Jacareacanga,BR,2021-07-25 20:17:14,-6.2222,-57.7528,98.02,23,42,3.8,scattered clouds
530,Seoul,KR,2021-07-25 20:17:15,37.5683,126.9778,81.97,65,0,10.36,clear sky
531,Nuuk,GL,2021-07-25 20:17:15,64.1835,-51.7216,54.21,62,75,5.75,broken clouds
532,Palmeira,BR,2021-07-25 20:17:15,-25.4294,-50.0064,71.65,65,3,5.08,clear sky
533,Inhambane,MZ,2021-07-25 20:17:15,-23.865,35.3833,65.46,68,100,11.65,light rain
534,Kiomboi,TZ,2021-07-25 20:17:15,-4.2667,34.3667,63.14,44,15,10.0,few clouds
535,Wollongong,AU,2021-07-25 20:17:16,-34.4333,150.8833,55.15,65,0,15.59,clear sky
536,Yerbogachen,RU,2021-07-25 20:17:16,61.2767,108.0108,61.38,66,78,1.36,broken clouds
537,Road Town,VG,2021-07-25 20:17:16,18.4167,-64.6167,84.2,82,94,15.57,overcast clouds
538,Mapiripan,CO,2021-07-25 20:17:17,2.8892,-72.1256,73.31,90,100,4.61,overcast clouds
539,Mansfield,GB,2021-07-25 20:15:12,53.1333,-1.2,69.01,77,99,1.01,overcast clouds
540,Arona,ES,2021-07-25 20:13:05,28.0996,-16.681,70.83,69,0,18.41,clear sky
541,Sitka,US,2021-07-25 20:17:17,57.0531,-135.33,57.09,77,75,5.75,light rain
542,Ghanzi,BW,2021-07-25 20:17:17,-21.5667,21.7833,49.62,53,1,9.22,clear sky
543,Aneho,TG,2021-07-25 20:17:18,6.2333,1.6,76.53,78,25,13.47,scattered clouds
544,Gizo,SB,2021-07-25 20:17:19,-8.103,156.8419,80.53,79,30,7.31,light rain
545,Herat,AF,2021-07-25 20:17:19,34.5,62.0,86.11,12,0,37.18,clear sky
546,Roald,NO,2021-07-25 20:17:20,62.5833,6.1333,69.01,82,0,13.8,clear sky
547,Kindersley,CA,2021-07-25 20:17:20,51.4668,-109.1682,83.98,31,1,9.22,clear sky
548,Aden,YE,2021-07-25 20:15:14,12.7794,45.0367,83.7,75,14,20.94,few clouds
549,Ongandjera,NA,2021-07-25 20:17:20,-17.8833,15.0667,63.7,34,0,9.69,clear sky
550,Zacualpan,MX,2021-07-25 20:17:20,21.25,-105.1667,98.22,64,12,9.89,few clouds
551,Altamira,BR,2021-07-25 20:17:21,-3.2033,-52.2064,91.49,46,20,4.61,few clouds
552,Sorong,ID,2021-07-25 20:17:21,-0.8833,131.25,77.11,87,100,8.99,overcast clouds
553,Rapu-Rapu,PH,2021-07-25 20:17:21,13.1866,124.1256,83.32,77,100,17.22,overcast clouds
554,Samarai,PG,2021-07-25 20:17:22,-10.6167,150.6667,78.3,78,100,14.52,overcast clouds
555,Boda,CF,2021-07-25 20:17:22,4.3189,17.4695,70.38,92,100,3.27,overcast clouds
556,Kutum,SD,2021-07-25 20:17:22,14.2,24.6667,72.09,73,100,9.71,overcast clouds
557,Kargasok,RU,2021-07-25 20:17:22,59.0556,80.8572,63.0,81,94,2.51,overcast clouds
558,Paita,PE,2021-07-25 20:17:23,-5.0892,-81.1144,75.76,74,19,18.16,few clouds
559,Ujjain,IN,2021-07-25 20:17:23,23.1833,75.7667,73.76,96,100,15.99,overcast clouds
560,Olivet,FR,2021-07-25 20:17:23,47.8622,1.8991,67.1,82,0,6.91,clear sky
561,Kostino,RU,2021-07-25 20:17:23,58.9097,53.2691,52.5,67,100,5.14,overcast clouds
562,Ouro Preto Do Oeste,BR,2021-07-25 20:17:23,-10.7481,-62.2158,97.27,23,5,4.14,clear sky
563,Hirara,JP,2021-07-25 20:17:23,24.8,125.2833,83.41,89,100,18.1,overcast clouds
564,Boa Vista,BR,2021-07-25 20:17:24,2.8197,-60.6733,85.98,62,75,3.44,broken clouds
565,Bilma,NE,2021-07-25 20:17:24,18.6853,12.9164,86.67,50,94,19.24,overcast clouds
566,Lichinga,MZ,2021-07-25 20:17:24,-13.3128,35.2406,52.72,72,100,7.81,overcast clouds
567,Jijiga,ET,2021-07-25 20:17:24,9.35,42.8,61.88,66,80,16.28,broken clouds
568,Kalengwa,ZM,2021-07-25 20:17:24,-13.4659,25.0027,52.47,49,0,6.11,clear sky
569,Hanna,CA,2021-07-25 20:17:25,51.6334,-111.9018,83.12,32,25,5.01,scattered clouds
570,Yuci,CN,2021-07-25 20:17:25,37.6803,112.7319,74.95,73,79,2.24,light rain
571,Armidale,AU,2021-07-25 20:17:25,-30.5167,151.65,34.81,94,0,4.45,clear sky
572,Port-Cartier,CA,2021-07-25 20:17:25,50.0334,-66.8654,65.93,74,100,4.88,overcast clouds
573,Maningrida,AU,2021-07-25 20:17:25,-12.0667,134.2667,67.1,95,68,8.3,broken clouds
574,Tobermory,CA,2021-07-25 20:17:26,45.2501,-81.6665,80.31,77,0,15.52,clear sky
575,Koulamoutou,GA,2021-07-25 20:17:26,-1.1303,12.4736,74.79,77,97,1.77,overcast clouds
576,Abalak,RU,2021-07-25 20:17:26,58.1286,68.5944,50.38,63,35,7.92,scattered clouds
577,Dawei,MM,2021-07-25 20:17:27,14.0833,98.2,76.06,93,100,5.91,light rain
578,Taoudenni,ML,2021-07-25 20:17:27,22.6783,-3.9836,106.21,5,47,10.92,scattered clouds
579,Sawtell,AU,2021-07-25 20:17:27,-30.3833,153.1,41.18,81,0,5.75,clear sky
580,Yuanping,CN,2021-07-25 20:17:28,38.7153,112.7575,69.84,94,100,0.85,overcast clouds
581,Buchanan,LR,2021-07-25 20:17:28,5.8808,-10.0467,76.96,79,42,7.61,scattered clouds
582,Lashio,MM,2021-07-25 20:17:28,22.9333,97.75,67.62,99,99,0.6,overcast clouds
583,Qui Nhon,VN,2021-07-25 20:17:28,13.7667,109.2333,81.7,68,99,22.37,overcast clouds
584,Haverfordwest,GB,2021-07-25 20:17:28,51.8017,-4.9691,67.55,77,19,7.11,few clouds
585,Amazar,RU,2021-07-25 20:17:28,53.858,120.875,58.78,94,98,4.45,overcast clouds
586,Cosala,MX,2021-07-25 20:17:29,24.4125,-106.6908,92.05,51,45,6.13,scattered clouds
587,Mutis,CO,2021-07-25 20:17:29,6.2262,-77.4044,76.8,89,100,6.17,light rain
588,Malanje,AO,2021-07-25 20:17:29,-9.5402,16.341,70.29,29,0,2.95,clear sky
589,Marsa Matruh,EG,2021-07-25 20:17:29,31.3525,27.2453,79.0,65,0,11.5,clear sky
590,Dehloran,IR,2021-07-25 20:13:04,32.6941,47.2679,104.09,11,8,9.93,clear sky
591,Makat,KZ,2021-07-25 20:17:30,47.6469,53.3463,81.91,27,0,17.83,clear sky
592,Merauke,ID,2021-07-25 20:17:30,-8.4667,140.3333,76.66,79,100,8.55,overcast clouds
593,Sola,VU,2021-07-25 20:17:30,-13.8833,167.55,79.88,80,55,9.82,broken clouds
594,Frutal,BR,2021-07-25 20:17:30,-20.0247,-48.9406,83.44,20,0,4.56,clear sky
595,Abrego,CO,2021-07-25 20:17:31,8.0807,-73.2205,68.47,87,100,2.59,overcast clouds
596,Manica,FR,2021-07-25 20:17:31,49.0,-1.1667,63.81,98,89,5.82,overcast clouds
597,Dauphin,CA,2021-07-25 20:17:31,51.1494,-100.0502,80.74,32,1,17.27,clear sky
598,Ayr,GB,2021-07-25 20:17:32,55.4627,-4.6339,69.69,82,20,5.75,few clouds
599,Lumeje,AO,2021-07-25 20:17:32,-11.55,20.7833,62.49,37,0,7.11,clear sky
600,Port-Gentil,GA,2021-07-25 20:17:32,-0.7193,8.7815,75.83,79,97,9.55,overcast clouds
601,West Bay,KY,2021-07-25 20:17:32,19.3667,-81.4167,88.05,70,40,1.01,scattered clouds
602,Aranos,NA,2021-07-25 20:17:32,-24.1333,19.1167,51.46,39,14,12.71,few clouds
603,Tucuman,AR,2021-07-25 20:13:34,-26.8241,-65.2226,71.6,35,53,3.44,smoke
604,Jalu,LY,2021-07-25 20:17:33,29.0331,21.5482,86.72,25,0,9.66,clear sky
605,Carballo,ES,2021-07-25 20:17:33,43.213,-8.691,68.07,88,62,2.91,broken clouds
606,Corner Brook,CA,2021-07-25 20:17:33,48.9667,-57.9484,77.16,54,10,3.78,clear sky
607,Sokoni,TZ,2021-07-25 20:17:34,-6.4333,39.55,76.05,75,0,21.43,clear sky
608,Nantucket,US,2021-07-25 20:17:34,41.2835,-70.0995,72.0,84,90,13.8,overcast clouds
609,Sheregesh,RU,2021-07-25 20:17:34,52.9209,87.9869,58.23,96,92,2.82,overcast clouds
610,Honningsvag,NO,2021-07-25 20:17:34,70.9821,25.9704,46.15,81,75,11.5,broken clouds
611,Dutlwe,BW,2021-07-25 20:17:34,-23.9833,23.9,46.26,51,3,10.6,clear sky
612,Tolyatti,RU,2021-07-25 20:14:09,53.5303,49.3461,59.36,49,87,3.22,overcast clouds
613,Raga,SS,2021-07-25 20:17:35,8.4596,25.678,69.98,99,100,4.43,moderate rain
614,Peniche,PT,2021-07-25 20:17:35,39.3558,-9.3811,71.08,91,17,10.04,few clouds
615,North Platte,US,2021-07-25 20:17:35,41.1239,-100.7654,88.02,54,1,3.0,clear sky
616,Mandurah,AU,2021-07-25 20:17:35,-32.55,115.7,55.22,62,18,22.88,few clouds
617,Petauke,ZM,2021-07-25 20:17:36,-14.2426,31.3253,57.54,57,99,10.09,overcast clouds
618,Sambek,RU,2021-07-25 20:17:36,47.7431,39.8308,78.31,46,38,7.78,scattered clouds
619,Mackay,AU,2021-07-25 20:17:36,-21.15,149.2,58.62,50,8,8.57,clear sky
620,Guaratinga,BR,2021-07-25 20:17:36,-16.5667,-39.5667,66.87,63,17,9.31,few clouds
621,Lao Cai,VN,2021-07-25 20:17:37,22.4833,103.95,75.07,95,100,2.86,overcast clouds
622,Gunjur,GM,2021-07-25 20:17:37,13.2019,-16.7339,80.67,74,75,6.91,broken clouds
623,Arys,KZ,2021-07-25 20:17:37,42.4252,68.795,91.62,16,0,9.95,clear sky
624,Starosubkhangulovo,RU,2021-07-25 20:17:37,53.1031,57.4423,50.0,78,0,3.11,clear sky
625,Neryungri,RU,2021-07-25 20:17:38,56.6709,124.6491,51.04,95,13,6.44,few clouds
626,Dillon,US,2021-07-25 20:17:38,34.4166,-79.3712,91.13,43,100,6.31,overcast clouds
627,Waipawa,NZ,2021-07-25 20:17:38,-41.4122,175.5153,52.03,77,100,13.24,overcast clouds
628,Salair,RU,2021-07-25 20:17:38,54.2312,85.7972,64.85,92,96,4.03,overcast clouds
629,Luganville,VU,2021-07-25 20:17:38,-15.5333,167.1667,76.75,89,81,1.23,broken clouds
630,Aquiraz,BR,2021-07-25 20:17:38,-3.9014,-38.3911,82.49,73,3,12.03,clear sky
631,Maniitsoq,GL,2021-07-25 20:17:39,65.4167,-52.9,45.93,73,100,8.79,overcast clouds
632,Alice Town,BS,2021-07-25 20:17:39,25.7167,-79.3,83.59,71,81,7.87,broken clouds
633,Sakaraha,MG,2021-07-25 20:17:39,-22.9,44.5333,60.21,59,52,7.81,broken clouds
634,Zhanakorgan,KZ,2021-07-25 20:17:39,43.9098,67.2495,89.87,23,0,10.56,clear sky
635,Turukhansk,RU,2021-07-25 20:17:39,65.8167,87.9833,63.48,76,19,5.41,few clouds
636,Miandrivazo,MG,2021-07-25 20:17:40,-19.5167,45.4667,72.77,49,57,5.64,broken clouds
637,Gbarnga,LR,2021-07-25 20:17:40,6.9956,-9.4722,71.17,94,43,3.04,scattered clouds
638,Daru,PG,2021-07-25 20:14:26,-9.0763,143.2092,76.48,83,52,13.18,moderate rain
639,Arman,RU,2021-07-25 20:17:40,59.7,150.1667,53.47,99,100,5.7,light rain
640,Maragogi,BR,2021-07-25 20:17:40,-9.0122,-35.2225,74.55,86,19,13.42,few clouds
641,Kerchevskiy,RU,2021-07-25 20:17:40,59.946,56.2884,52.27,68,100,5.3,overcast clouds
642,Rio Branco,BR,2021-07-25 20:17:41,-9.9747,-67.81,90.21,48,40,4.61,scattered clouds
643,Moindou,NC,2021-07-25 20:17:41,-21.6924,165.677,58.95,87,9,1.61,clear sky
644,Porto Velho,BR,2021-07-25 20:13:06,-8.7619,-63.9039,95.05,34,0,6.91,clear sky
645,North Battleford,CA,2021-07-25 20:17:41,52.7834,-108.2847,69.89,56,40,10.36,scattered clouds
646,Almeirim,BR,2021-07-25 20:17:41,-1.5233,-52.5817,87.98,53,98,1.21,overcast clouds
647,Dubbo,AU,2021-07-25 20:17:42,-32.25,148.6167,37.53,93,40,3.44,scattered clouds
648,Meadow Lake,US,2021-07-25 20:17:42,34.8014,-106.5436,86.67,45,87,8.7,overcast clouds
649,Mersing,MY,2021-07-25 20:17:42,2.4312,103.8405,78.71,94,7,4.61,clear sky
650,Daur,PK,2021-07-25 20:17:42,26.4583,68.3192,89.51,58,100,15.12,overcast clouds
651,Tanashi,JP,2021-07-25 20:17:42,35.7239,139.5222,79.72,76,100,7.81,overcast clouds
652,Salinas,US,2021-07-25 20:17:43,36.6777,-121.6555,89.56,59,1,13.8,clear sky
653,Nagareyama,JP,2021-07-25 20:17:43,35.8563,139.9027,80.33,80,100,7.56,overcast clouds
654,Cangzhou,CN,2021-07-25 20:17:43,38.3167,116.8667,79.45,72,54,5.06,broken clouds
655,Praia Da Vitoria,PT,2021-07-25 20:17:43,38.7333,-27.0667,73.76,94,75,11.81,broken clouds
656,Lakatoro,VU,2021-07-25 20:17:43,-16.0999,167.4164,78.08,85,67,4.21,light rain
657,Bud,US,2021-07-25 20:17:44,39.447,-86.1758,88.21,74,35,3.22,scattered clouds
658,Katsuura,JP,2021-07-25 20:17:44,35.1333,140.3,80.11,83,56,12.08,broken clouds
659,Kudahuvadhoo,MV,2021-07-25 20:17:44,2.6708,72.8944,81.28,76,84,11.61,broken clouds
660,Monrovia,LR,2021-07-25 20:17:44,6.3005,-10.7969,76.77,75,98,7.65,overcast clouds
